<?xml version="1.0" encoding="utf-8" ?>
<dwsync>
<file name="fa-brands-400.woff2" server="C:/Users/aevans1/Unit 4 - Coursework/UwAmp/www/" local="133741655332951245" remote="133741691330000000" Dst="1" />
<file name="fa-brands-400.ttf" server="C:/Users/aevans1/Unit 4 - Coursework/UwAmp/www/" local="133741655332628422" remote="133741691330000000" Dst="1" />
<file name="fa-regular-400.woff2" server="C:/Users/aevans1/Unit 4 - Coursework/UwAmp/www/" local="133741655333461391" remote="133741691330000000" Dst="1" />
<file name="fa-regular-400.ttf" server="C:/Users/aevans1/Unit 4 - Coursework/UwAmp/www/" local="133741655333128009" remote="133741691330000000" Dst="1" />
<file name="fa-solid-900.woff2" server="C:/Users/aevans1/Unit 4 - Coursework/UwAmp/www/" local="133741655334127382" remote="133741691330000000" Dst="1" />
<file name="fa-solid-900.ttf" server="C:/Users/aevans1/Unit 4 - Coursework/UwAmp/www/" local="133741655333794375" remote="133741691330000000" Dst="1" />
<file name="fa-v4compatibility.woff2" server="C:/Users/aevans1/Unit 4 - Coursework/UwAmp/www/" local="133741655334626858" remote="133741691330000000" Dst="1" />
<file name="fa-v4compatibility.ttf" server="C:/Users/aevans1/Unit 4 - Coursework/UwAmp/www/" local="133741655334293858" remote="133741691330000000" Dst="1" />
</dwsync>