<?xml version="1.0" encoding="utf-8" ?>
<dwsync>
<file name="brands.less" server="C:/Users/aevans1/Unit 4 - Coursework/UwAmp/www/" local="133741654727459668" remote="133741654720000000" Dst="2" />
<file name="fontawesome.less" server="C:/Users/aevans1/Unit 4 - Coursework/UwAmp/www/" local="133741654727791725" remote="133741654720000000" Dst="2" />
<file name="regular.less" server="C:/Users/aevans1/Unit 4 - Coursework/UwAmp/www/" local="133741654728124725" remote="133741654720000000" Dst="2" />
<file name="solid.less" server="C:/Users/aevans1/Unit 4 - Coursework/UwAmp/www/" local="133741654728291219" remote="133741654720000000" Dst="2" />
<file name="v4-shims.less" server="C:/Users/aevans1/Unit 4 - Coursework/UwAmp/www/" local="133741654728739711" remote="133741654720000000" Dst="2" />
<file name="_animated.less" server="C:/Users/aevans1/Unit 4 - Coursework/UwAmp/www/" local="133741654723460937" remote="133741654720000000" Dst="2" />
<file name="_bordered-pulled.less" server="C:/Users/aevans1/Unit 4 - Coursework/UwAmp/www/" local="133741654723795275" remote="133741654720000000" Dst="2" />
<file name="_core.less" server="C:/Users/aevans1/Unit 4 - Coursework/UwAmp/www/" local="133741654723961786" remote="133741654720000000" Dst="2" />
<file name="_fixed-width.less" server="C:/Users/aevans1/Unit 4 - Coursework/UwAmp/www/" local="133741654724460230" remote="133741654720000000" Dst="2" />
<file name="_icons.less" server="C:/Users/aevans1/Unit 4 - Coursework/UwAmp/www/" local="133741654724626976" remote="133741654720000000" Dst="2" />
<file name="_list.less" server="C:/Users/aevans1/Unit 4 - Coursework/UwAmp/www/" local="133741654724958956" remote="133741654720000000" Dst="2" />
<file name="_mixins.less" server="C:/Users/aevans1/Unit 4 - Coursework/UwAmp/www/" local="133741654725291963" remote="133741654720000000" Dst="2" />
<file name="_rotated-flipped.less" server="C:/Users/aevans1/Unit 4 - Coursework/UwAmp/www/" local="133741654725625194" remote="133741654720000000" Dst="2" />
<file name="_screen-reader.less" server="C:/Users/aevans1/Unit 4 - Coursework/UwAmp/www/" local="133741654725957099" remote="133741654720000000" Dst="2" />
<file name="_shims.less" server="C:/Users/aevans1/Unit 4 - Coursework/UwAmp/www/" local="133741654726295125" remote="133741654720000000" Dst="2" />
<file name="_sizing.less" server="C:/Users/aevans1/Unit 4 - Coursework/UwAmp/www/" local="133741654726628284" remote="133741654720000000" Dst="2" />
<file name="_stacked.less" server="C:/Users/aevans1/Unit 4 - Coursework/UwAmp/www/" local="133741654726960163" remote="133741654720000000" Dst="2" />
<file name="_variables.less" server="C:/Users/aevans1/Unit 4 - Coursework/UwAmp/www/" local="133741654727293165" remote="133741654720000000" Dst="2" />
</dwsync>