<?xml version="1.0" encoding="utf-8" ?>
<dwsync>
<file name="42-group.svg" server="C:/Users/aevans1/Unit 4 - Coursework/UwAmp/www/" local="133741654738533754" remote="133741654730000000" Dst="2" />
<file name="500px.svg" server="C:/Users/aevans1/Unit 4 - Coursework/UwAmp/www/" local="133741654738750043" remote="133741654730000000" Dst="2" />
<file name="accessible-icon.svg" server="C:/Users/aevans1/Unit 4 - Coursework/UwAmp/www/" local="133741654738961650" remote="133741654730000000" Dst="2" />
<file name="accusoft.svg" server="C:/Users/aevans1/Unit 4 - Coursework/UwAmp/www/" local="133741654739294999" remote="133741654730000000" Dst="2" />
<file name="adn.svg" server="C:/Users/aevans1/Unit 4 - Coursework/UwAmp/www/" local="133741654739461484" remote="133741654730000000" Dst="2" />
<file name="adversal.svg" server="C:/Users/aevans1/Unit 4 - Coursework/UwAmp/www/" local="133741654739794131" remote="133741654730000000" Dst="2" />
<file name="affiliatetheme.svg" server="C:/Users/aevans1/Unit 4 - Coursework/UwAmp/www/" local="133741654740127174" remote="133741654740000000" Dst="2" />
<file name="airbnb.svg" server="C:/Users/aevans1/Unit 4 - Coursework/UwAmp/www/" local="133741654740293733" remote="133741654740000000" Dst="2" />
<file name="algolia.svg" server="C:/Users/aevans1/Unit 4 - Coursework/UwAmp/www/" local="133741654740626941" remote="133741654740000000" Dst="2" />
<file name="alipay.svg" server="C:/Users/aevans1/Unit 4 - Coursework/UwAmp/www/" local="133741654740958867" remote="133741654740000000" Dst="2" />
<file name="amazon-pay.svg" server="C:/Users/aevans1/Unit 4 - Coursework/UwAmp/www/" local="133741654741125366" remote="133741654740000000" Dst="2" />
<file name="amazon.svg" server="C:/Users/aevans1/Unit 4 - Coursework/UwAmp/www/" local="133741654741458351" remote="133741654740000000" Dst="2" />
<file name="amilia.svg" server="C:/Users/aevans1/Unit 4 - Coursework/UwAmp/www/" local="133741654741790925" remote="133741654740000000" Dst="2" />
<file name="android.svg" server="C:/Users/aevans1/Unit 4 - Coursework/UwAmp/www/" local="133741654742123980" remote="133741654740000000" Dst="2" />
<file name="angellist.svg" server="C:/Users/aevans1/Unit 4 - Coursework/UwAmp/www/" local="133741654742461973" remote="133741654740000000" Dst="2" />
<file name="angrycreative.svg" server="C:/Users/aevans1/Unit 4 - Coursework/UwAmp/www/" local="133741654742794872" remote="133741654740000000" Dst="2" />
<file name="angular.svg" server="C:/Users/aevans1/Unit 4 - Coursework/UwAmp/www/" local="133741654743127874" remote="133741654740000000" Dst="2" />
<file name="app-store-ios.svg" server="C:/Users/aevans1/Unit 4 - Coursework/UwAmp/www/" local="133741654743460897" remote="133741654740000000" Dst="2" />
<file name="app-store.svg" server="C:/Users/aevans1/Unit 4 - Coursework/UwAmp/www/" local="133741654743627594" remote="133741654740000000" Dst="2" />
<file name="apper.svg" server="C:/Users/aevans1/Unit 4 - Coursework/UwAmp/www/" local="133741654743959550" remote="133741654740000000" Dst="2" />
<file name="apple-pay.svg" server="C:/Users/aevans1/Unit 4 - Coursework/UwAmp/www/" local="133741654744292532" remote="133741654740000000" Dst="2" />
<file name="apple.svg" server="C:/Users/aevans1/Unit 4 - Coursework/UwAmp/www/" local="133741654744459005" remote="133741654740000000" Dst="2" />
<file name="artstation.svg" server="C:/Users/aevans1/Unit 4 - Coursework/UwAmp/www/" local="133741654744791101" remote="133741654740000000" Dst="2" />
<file name="asymmetrik.svg" server="C:/Users/aevans1/Unit 4 - Coursework/UwAmp/www/" local="133741654745124105" remote="133741654740000000" Dst="2" />
<file name="atlassian.svg" server="C:/Users/aevans1/Unit 4 - Coursework/UwAmp/www/" local="133741654745290598" remote="133741654740000000" Dst="2" />
<file name="audible.svg" server="C:/Users/aevans1/Unit 4 - Coursework/UwAmp/www/" local="133741654745628792" remote="133741654740000000" Dst="2" />
<file name="autoprefixer.svg" server="C:/Users/aevans1/Unit 4 - Coursework/UwAmp/www/" local="133741654745960717" remote="133741654740000000" Dst="2" />
<file name="avianex.svg" server="C:/Users/aevans1/Unit 4 - Coursework/UwAmp/www/" local="133741654746293689" remote="133741654740000000" Dst="2" />
<file name="aviato.svg" server="C:/Users/aevans1/Unit 4 - Coursework/UwAmp/www/" local="133741654746460198" remote="133741654740000000" Dst="2" />
<file name="aws.svg" server="C:/Users/aevans1/Unit 4 - Coursework/UwAmp/www/" local="133741654746792782" remote="133741654740000000" Dst="2" />
<file name="bandcamp.svg" server="C:/Users/aevans1/Unit 4 - Coursework/UwAmp/www/" local="133741654747125843" remote="133741654740000000" Dst="2" />
<file name="battle-net.svg" server="C:/Users/aevans1/Unit 4 - Coursework/UwAmp/www/" local="133741654747292315" remote="133741654740000000" Dst="2" />
<file name="behance.svg" server="C:/Users/aevans1/Unit 4 - Coursework/UwAmp/www/" local="133741654747625583" remote="133741654740000000" Dst="2" />
<file name="bilibili.svg" server="C:/Users/aevans1/Unit 4 - Coursework/UwAmp/www/" local="133741654747957873" remote="133741654740000000" Dst="2" />
<file name="bimobject.svg" server="C:/Users/aevans1/Unit 4 - Coursework/UwAmp/www/" local="133741654748230604" remote="133741654740000000" Dst="2" />
<file name="bitbucket.svg" server="C:/Users/aevans1/Unit 4 - Coursework/UwAmp/www/" local="133741654748457220" remote="133741654740000000" Dst="2" />
<file name="bitcoin.svg" server="C:/Users/aevans1/Unit 4 - Coursework/UwAmp/www/" local="133741654748628950" remote="133741654740000000" Dst="2" />
<file name="bity.svg" server="C:/Users/aevans1/Unit 4 - Coursework/UwAmp/www/" local="133741654748961501" remote="133741654740000000" Dst="2" />
<file name="black-tie.svg" server="C:/Users/aevans1/Unit 4 - Coursework/UwAmp/www/" local="133741654749127973" remote="133741654740000000" Dst="2" />
<file name="blackberry.svg" server="C:/Users/aevans1/Unit 4 - Coursework/UwAmp/www/" local="133741654749461725" remote="133741654740000000" Dst="2" />
<file name="blogger-b.svg" server="C:/Users/aevans1/Unit 4 - Coursework/UwAmp/www/" local="133741654749794730" remote="133741654740000000" Dst="2" />
<file name="blogger.svg" server="C:/Users/aevans1/Unit 4 - Coursework/UwAmp/www/" local="133741654750127716" remote="133741654750000000" Dst="2" />
<file name="bluesky.svg" server="C:/Users/aevans1/Unit 4 - Coursework/UwAmp/www/" local="133741654750294211" remote="133741654750000000" Dst="2" />
<file name="bluetooth-b.svg" server="C:/Users/aevans1/Unit 4 - Coursework/UwAmp/www/" local="133741654750627377" remote="133741654750000000" Dst="2" />
<file name="bluetooth.svg" server="C:/Users/aevans1/Unit 4 - Coursework/UwAmp/www/" local="133741654750959623" remote="133741654750000000" Dst="2" />
<file name="bootstrap.svg" server="C:/Users/aevans1/Unit 4 - Coursework/UwAmp/www/" local="133741654751292623" remote="133741654750000000" Dst="2" />
<file name="bots.svg" server="C:/Users/aevans1/Unit 4 - Coursework/UwAmp/www/" local="133741654751625803" remote="133741654750000000" Dst="2" />
<file name="brave-reverse.svg" server="C:/Users/aevans1/Unit 4 - Coursework/UwAmp/www/" local="133741654751791868" remote="133741654750000000" Dst="2" />
<file name="brave.svg" server="C:/Users/aevans1/Unit 4 - Coursework/UwAmp/www/" local="133741654751958344" remote="133741654750000000" Dst="2" />
<file name="btc.svg" server="C:/Users/aevans1/Unit 4 - Coursework/UwAmp/www/" local="133741654752291461" remote="133741654750000000" Dst="2" />
<file name="buffer.svg" server="C:/Users/aevans1/Unit 4 - Coursework/UwAmp/www/" local="133741654752457972" remote="133741654750000000" Dst="2" />
<file name="buromobelexperte.svg" server="C:/Users/aevans1/Unit 4 - Coursework/UwAmp/www/" local="133741654752792764" remote="133741654750000000" Dst="2" />
<file name="buy-n-large.svg" server="C:/Users/aevans1/Unit 4 - Coursework/UwAmp/www/" local="133741654752959263" remote="133741654750000000" Dst="2" />
<file name="buysellads.svg" server="C:/Users/aevans1/Unit 4 - Coursework/UwAmp/www/" local="133741654753292264" remote="133741654750000000" Dst="2" />
<file name="canadian-maple-leaf.svg" server="C:/Users/aevans1/Unit 4 - Coursework/UwAmp/www/" local="133741654753625470" remote="133741654750000000" Dst="2" />
<file name="cc-amazon-pay.svg" server="C:/Users/aevans1/Unit 4 - Coursework/UwAmp/www/" local="133741654753791520" remote="133741654750000000" Dst="2" />
<file name="cc-amex.svg" server="C:/Users/aevans1/Unit 4 - Coursework/UwAmp/www/" local="133741654754124548" remote="133741654750000000" Dst="2" />
<file name="cc-apple-pay.svg" server="C:/Users/aevans1/Unit 4 - Coursework/UwAmp/www/" local="133741654754291041" remote="133741654750000000" Dst="2" />
<file name="cc-diners-club.svg" server="C:/Users/aevans1/Unit 4 - Coursework/UwAmp/www/" local="133741654754652984" remote="133741654750000000" Dst="2" />
<file name="cc-discover.svg" server="C:/Users/aevans1/Unit 4 - Coursework/UwAmp/www/" local="133741654754791416" remote="133741654750000000" Dst="2" />
<file name="cc-jcb.svg" server="C:/Users/aevans1/Unit 4 - Coursework/UwAmp/www/" local="133741654755124374" remote="133741654750000000" Dst="2" />
<file name="cc-mastercard.svg" server="C:/Users/aevans1/Unit 4 - Coursework/UwAmp/www/" local="133741654755290867" remote="133741654750000000" Dst="2" />
<file name="cc-paypal.svg" server="C:/Users/aevans1/Unit 4 - Coursework/UwAmp/www/" local="133741654755624061" remote="133741654750000000" Dst="2" />
<file name="cc-stripe.svg" server="C:/Users/aevans1/Unit 4 - Coursework/UwAmp/www/" local="133741654755949681" remote="133741654750000000" Dst="2" />
<file name="cc-visa.svg" server="C:/Users/aevans1/Unit 4 - Coursework/UwAmp/www/" local="133741654756126329" remote="133741654750000000" Dst="2" />
<file name="centercode.svg" server="C:/Users/aevans1/Unit 4 - Coursework/UwAmp/www/" local="133741654756459295" remote="133741654750000000" Dst="2" />
<file name="centos.svg" server="C:/Users/aevans1/Unit 4 - Coursework/UwAmp/www/" local="133741654756626005" remote="133741654750000000" Dst="2" />
<file name="chrome.svg" server="C:/Users/aevans1/Unit 4 - Coursework/UwAmp/www/" local="133741654756958316" remote="133741654750000000" Dst="2" />
<file name="chromecast.svg" server="C:/Users/aevans1/Unit 4 - Coursework/UwAmp/www/" local="133741654757124814" remote="133741654750000000" Dst="2" />
<file name="cloudflare.svg" server="C:/Users/aevans1/Unit 4 - Coursework/UwAmp/www/" local="133741654757322482" remote="133741654750000000" Dst="2" />
<file name="cloudscale.svg" server="C:/Users/aevans1/Unit 4 - Coursework/UwAmp/www/" local="133741654757677774" remote="133741654750000000" Dst="2" />
<file name="cloudsmith.svg" server="C:/Users/aevans1/Unit 4 - Coursework/UwAmp/www/" local="133741654757950228" remote="133741654750000000" Dst="2" />
<file name="cloudversify.svg" server="C:/Users/aevans1/Unit 4 - Coursework/UwAmp/www/" local="133741654758126852" remote="133741654750000000" Dst="2" />
<file name="cmplid.svg" server="C:/Users/aevans1/Unit 4 - Coursework/UwAmp/www/" local="133741654758459856" remote="133741654750000000" Dst="2" />
<file name="codepen.svg" server="C:/Users/aevans1/Unit 4 - Coursework/UwAmp/www/" local="133741654758792885" remote="133741654750000000" Dst="2" />
<file name="codiepie.svg" server="C:/Users/aevans1/Unit 4 - Coursework/UwAmp/www/" local="133741654759125818" remote="133741654750000000" Dst="2" />
<file name="confluence.svg" server="C:/Users/aevans1/Unit 4 - Coursework/UwAmp/www/" local="133741654759292308" remote="133741654750000000" Dst="2" />
<file name="connectdevelop.svg" server="C:/Users/aevans1/Unit 4 - Coursework/UwAmp/www/" local="133741654759625497" remote="133741654750000000" Dst="2" />
<file name="contao.svg" server="C:/Users/aevans1/Unit 4 - Coursework/UwAmp/www/" local="133741654759804990" remote="133741654750000000" Dst="2" />
<file name="cotton-bureau.svg" server="C:/Users/aevans1/Unit 4 - Coursework/UwAmp/www/" local="133741654760124221" remote="133741654760000000" Dst="2" />
<file name="cpanel.svg" server="C:/Users/aevans1/Unit 4 - Coursework/UwAmp/www/" local="133741654760457305" remote="133741654760000000" Dst="2" />
<file name="creative-commons-by.svg" server="C:/Users/aevans1/Unit 4 - Coursework/UwAmp/www/" local="133741654760623818" remote="133741654760000000" Dst="2" />
<file name="creative-commons-nc-eu.svg" server="C:/Users/aevans1/Unit 4 - Coursework/UwAmp/www/" local="133741654760962042" remote="133741654760000000" Dst="2" />
<file name="creative-commons-nc-jp.svg" server="C:/Users/aevans1/Unit 4 - Coursework/UwAmp/www/" local="133741654761295051" remote="133741654760000000" Dst="2" />
<file name="creative-commons-nc.svg" server="C:/Users/aevans1/Unit 4 - Coursework/UwAmp/www/" local="133741654761461555" remote="133741654760000000" Dst="2" />
<file name="creative-commons-nd.svg" server="C:/Users/aevans1/Unit 4 - Coursework/UwAmp/www/" local="133741654761796745" remote="133741654760000000" Dst="2" />
<file name="creative-commons-pd-alt.svg" server="C:/Users/aevans1/Unit 4 - Coursework/UwAmp/www/" local="133741654762114566" remote="133741654760000000" Dst="2" />
<file name="creative-commons-pd.svg" server="C:/Users/aevans1/Unit 4 - Coursework/UwAmp/www/" local="133741654762291233" remote="133741654760000000" Dst="2" />
<file name="creative-commons-remix.svg" server="C:/Users/aevans1/Unit 4 - Coursework/UwAmp/www/" local="133741654762624571" remote="133741654760000000" Dst="2" />
<file name="creative-commons-sa.svg" server="C:/Users/aevans1/Unit 4 - Coursework/UwAmp/www/" local="133741654762791751" remote="133741654760000000" Dst="2" />
<file name="creative-commons-sampling-plus.svg" server="C:/Users/aevans1/Unit 4 - Coursework/UwAmp/www/" local="133741654763125087" remote="133741654760000000" Dst="2" />
<file name="creative-commons-sampling.svg" server="C:/Users/aevans1/Unit 4 - Coursework/UwAmp/www/" local="133741654763291582" remote="133741654760000000" Dst="2" />
<file name="creative-commons-share.svg" server="C:/Users/aevans1/Unit 4 - Coursework/UwAmp/www/" local="133741654763624588" remote="133741654760000000" Dst="2" />
<file name="creative-commons-zero.svg" server="C:/Users/aevans1/Unit 4 - Coursework/UwAmp/www/" local="133741654763792304" remote="133741654760000000" Dst="2" />
<file name="creative-commons.svg" server="C:/Users/aevans1/Unit 4 - Coursework/UwAmp/www/" local="133741654764125314" remote="133741654760000000" Dst="2" />
<file name="critical-role.svg" server="C:/Users/aevans1/Unit 4 - Coursework/UwAmp/www/" local="133741654764458334" remote="133741654760000000" Dst="2" />
<file name="css3-alt.svg" server="C:/Users/aevans1/Unit 4 - Coursework/UwAmp/www/" local="133741654764791603" remote="133741654760000000" Dst="2" />
<file name="css3.svg" server="C:/Users/aevans1/Unit 4 - Coursework/UwAmp/www/" local="133741654764958121" remote="133741654760000000" Dst="2" />
<file name="cuttlefish.svg" server="C:/Users/aevans1/Unit 4 - Coursework/UwAmp/www/" local="133741654765291162" remote="133741654760000000" Dst="2" />
<file name="d-and-d-beyond.svg" server="C:/Users/aevans1/Unit 4 - Coursework/UwAmp/www/" local="133741654765457670" remote="133741654760000000" Dst="2" />
<file name="d-and-d.svg" server="C:/Users/aevans1/Unit 4 - Coursework/UwAmp/www/" local="133741654765790869" remote="133741654760000000" Dst="2" />
<file name="dailymotion.svg" server="C:/Users/aevans1/Unit 4 - Coursework/UwAmp/www/" local="133741654765957769" remote="133741654760000000" Dst="2" />
<file name="dart-lang.svg" server="C:/Users/aevans1/Unit 4 - Coursework/UwAmp/www/" local="133741654766290833" remote="133741654760000000" Dst="2" />
<file name="dashcube.svg" server="C:/Users/aevans1/Unit 4 - Coursework/UwAmp/www/" local="133741654766457291" remote="133741654760000000" Dst="2" />
<file name="debian.svg" server="C:/Users/aevans1/Unit 4 - Coursework/UwAmp/www/" local="133741654766790913" remote="133741654760000000" Dst="2" />
<file name="deezer.svg" server="C:/Users/aevans1/Unit 4 - Coursework/UwAmp/www/" local="133741654766957349" remote="133741654760000000" Dst="2" />
<file name="delicious.svg" server="C:/Users/aevans1/Unit 4 - Coursework/UwAmp/www/" local="133741654767295397" remote="133741654760000000" Dst="2" />
<file name="deploydog.svg" server="C:/Users/aevans1/Unit 4 - Coursework/UwAmp/www/" local="133741654767461896" remote="133741654760000000" Dst="2" />
<file name="deskpro.svg" server="C:/Users/aevans1/Unit 4 - Coursework/UwAmp/www/" local="133741654767791016" remote="133741654760000000" Dst="2" />
<file name="dev.svg" server="C:/Users/aevans1/Unit 4 - Coursework/UwAmp/www/" local="133741654767957484" remote="133741654760000000" Dst="2" />
<file name="deviantart.svg" server="C:/Users/aevans1/Unit 4 - Coursework/UwAmp/www/" local="133741654768124002" remote="133741654760000000" Dst="2" />
<file name="dhl.svg" server="C:/Users/aevans1/Unit 4 - Coursework/UwAmp/www/" local="133741654768461987" remote="133741654760000000" Dst="2" />
<file name="diaspora.svg" server="C:/Users/aevans1/Unit 4 - Coursework/UwAmp/www/" local="133741654768628708" remote="133741654760000000" Dst="2" />
<file name="digg.svg" server="C:/Users/aevans1/Unit 4 - Coursework/UwAmp/www/" local="133741654768957062" remote="133741654760000000" Dst="2" />
<file name="digital-ocean.svg" server="C:/Users/aevans1/Unit 4 - Coursework/UwAmp/www/" local="133741654769128915" remote="133741654760000000" Dst="2" />
<file name="discord.svg" server="C:/Users/aevans1/Unit 4 - Coursework/UwAmp/www/" local="133741654769461972" remote="133741654760000000" Dst="2" />
<file name="discourse.svg" server="C:/Users/aevans1/Unit 4 - Coursework/UwAmp/www/" local="133741654769628694" remote="133741654760000000" Dst="2" />
<file name="dochub.svg" server="C:/Users/aevans1/Unit 4 - Coursework/UwAmp/www/" local="133741654769961491" remote="133741654760000000" Dst="2" />
<file name="docker.svg" server="C:/Users/aevans1/Unit 4 - Coursework/UwAmp/www/" local="133741654770127975" remote="133741654770000000" Dst="2" />
<file name="draft2digital.svg" server="C:/Users/aevans1/Unit 4 - Coursework/UwAmp/www/" local="133741654770460996" remote="133741654770000000" Dst="2" />
<file name="dribbble.svg" server="C:/Users/aevans1/Unit 4 - Coursework/UwAmp/www/" local="133741654770627689" remote="133741654770000000" Dst="2" />
<file name="dropbox.svg" server="C:/Users/aevans1/Unit 4 - Coursework/UwAmp/www/" local="133741654770960292" remote="133741654770000000" Dst="2" />
<file name="drupal.svg" server="C:/Users/aevans1/Unit 4 - Coursework/UwAmp/www/" local="133741654771126802" remote="133741654770000000" Dst="2" />
<file name="dyalog.svg" server="C:/Users/aevans1/Unit 4 - Coursework/UwAmp/www/" local="133741654771460372" remote="133741654770000000" Dst="2" />
<file name="earlybirds.svg" server="C:/Users/aevans1/Unit 4 - Coursework/UwAmp/www/" local="133741654771627033" remote="133741654770000000" Dst="2" />
<file name="ebay.svg" server="C:/Users/aevans1/Unit 4 - Coursework/UwAmp/www/" local="133741654771959419" remote="133741654770000000" Dst="2" />
<file name="edge-legacy.svg" server="C:/Users/aevans1/Unit 4 - Coursework/UwAmp/www/" local="133741654772125911" remote="133741654770000000" Dst="2" />
<file name="edge.svg" server="C:/Users/aevans1/Unit 4 - Coursework/UwAmp/www/" local="133741654772292410" remote="133741654770000000" Dst="2" />
<file name="elementor.svg" server="C:/Users/aevans1/Unit 4 - Coursework/UwAmp/www/" local="133741654772625540" remote="133741654770000000" Dst="2" />
<file name="ello.svg" server="C:/Users/aevans1/Unit 4 - Coursework/UwAmp/www/" local="133741654772798618" remote="133741654770000000" Dst="2" />
<file name="ember.svg" server="C:/Users/aevans1/Unit 4 - Coursework/UwAmp/www/" local="133741654773126628" remote="133741654770000000" Dst="2" />
<file name="empire.svg" server="C:/Users/aevans1/Unit 4 - Coursework/UwAmp/www/" local="133741654773293124" remote="133741654770000000" Dst="2" />
<file name="envira.svg" server="C:/Users/aevans1/Unit 4 - Coursework/UwAmp/www/" local="133741654773626330" remote="133741654770000000" Dst="2" />
<file name="erlang.svg" server="C:/Users/aevans1/Unit 4 - Coursework/UwAmp/www/" local="133741654773792333" remote="133741654770000000" Dst="2" />
<file name="ethereum.svg" server="C:/Users/aevans1/Unit 4 - Coursework/UwAmp/www/" local="133741654774125357" remote="133741654770000000" Dst="2" />
<file name="etsy.svg" server="C:/Users/aevans1/Unit 4 - Coursework/UwAmp/www/" local="133741654774291820" remote="133741654770000000" Dst="2" />
<file name="evernote.svg" server="C:/Users/aevans1/Unit 4 - Coursework/UwAmp/www/" local="133741654774625041" remote="133741654770000000" Dst="2" />
<file name="expeditedssl.svg" server="C:/Users/aevans1/Unit 4 - Coursework/UwAmp/www/" local="133741654774793499" remote="133741654770000000" Dst="2" />
<file name="facebook-f.svg" server="C:/Users/aevans1/Unit 4 - Coursework/UwAmp/www/" local="133741654775126482" remote="133741654770000000" Dst="2" />
<file name="facebook-messenger.svg" server="C:/Users/aevans1/Unit 4 - Coursework/UwAmp/www/" local="133741654775459900" remote="133741654770000000" Dst="2" />
<file name="facebook.svg" server="C:/Users/aevans1/Unit 4 - Coursework/UwAmp/www/" local="133741654775626643" remote="133741654770000000" Dst="2" />
<file name="fantasy-flight-games.svg" server="C:/Users/aevans1/Unit 4 - Coursework/UwAmp/www/" local="133741654775959107" remote="133741654770000000" Dst="2" />
<file name="fedex.svg" server="C:/Users/aevans1/Unit 4 - Coursework/UwAmp/www/" local="133741654776292149" remote="133741654770000000" Dst="2" />
<file name="fedora.svg" server="C:/Users/aevans1/Unit 4 - Coursework/UwAmp/www/" local="133741654776625285" remote="133741654770000000" Dst="2" />
<file name="figma.svg" server="C:/Users/aevans1/Unit 4 - Coursework/UwAmp/www/" local="133741654776957815" remote="133741654770000000" Dst="2" />
<file name="firefox-browser.svg" server="C:/Users/aevans1/Unit 4 - Coursework/UwAmp/www/" local="133741654777290725" remote="133741654770000000" Dst="2" />
<file name="firefox.svg" server="C:/Users/aevans1/Unit 4 - Coursework/UwAmp/www/" local="133741654777623746" remote="133741654770000000" Dst="2" />
<file name="first-order-alt.svg" server="C:/Users/aevans1/Unit 4 - Coursework/UwAmp/www/" local="133741654777961977" remote="133741654770000000" Dst="2" />
<file name="first-order.svg" server="C:/Users/aevans1/Unit 4 - Coursework/UwAmp/www/" local="133741654778128488" remote="133741654770000000" Dst="2" />
<file name="firstdraft.svg" server="C:/Users/aevans1/Unit 4 - Coursework/UwAmp/www/" local="133741654778461418" remote="133741654770000000" Dst="2" />
<file name="flickr.svg" server="C:/Users/aevans1/Unit 4 - Coursework/UwAmp/www/" local="133741654778793015" remote="133741654770000000" Dst="2" />
<file name="flipboard.svg" server="C:/Users/aevans1/Unit 4 - Coursework/UwAmp/www/" local="133741654779125951" remote="133741654770000000" Dst="2" />
<file name="flutter.svg" server="C:/Users/aevans1/Unit 4 - Coursework/UwAmp/www/" local="133741654779459085" remote="133741654770000000" Dst="2" />
<file name="fly.svg" server="C:/Users/aevans1/Unit 4 - Coursework/UwAmp/www/" local="133741654779792326" remote="133741654770000000" Dst="2" />
<file name="font-awesome.svg" server="C:/Users/aevans1/Unit 4 - Coursework/UwAmp/www/" local="133741654779958826" remote="133741654770000000" Dst="2" />
<file name="fonticons-fi.svg" server="C:/Users/aevans1/Unit 4 - Coursework/UwAmp/www/" local="133741654780291796" remote="133741654780000000" Dst="2" />
<file name="fonticons.svg" server="C:/Users/aevans1/Unit 4 - Coursework/UwAmp/www/" local="133741654780624825" remote="133741654780000000" Dst="2" />
<file name="fort-awesome-alt.svg" server="C:/Users/aevans1/Unit 4 - Coursework/UwAmp/www/" local="133741654780958138" remote="133741654780000000" Dst="2" />
<file name="fort-awesome.svg" server="C:/Users/aevans1/Unit 4 - Coursework/UwAmp/www/" local="133741654781291063" remote="133741654780000000" Dst="2" />
<file name="forumbee.svg" server="C:/Users/aevans1/Unit 4 - Coursework/UwAmp/www/" local="133741654781624060" remote="133741654780000000" Dst="2" />
<file name="foursquare.svg" server="C:/Users/aevans1/Unit 4 - Coursework/UwAmp/www/" local="133741654781790782" remote="133741654780000000" Dst="2" />
<file name="free-code-camp.svg" server="C:/Users/aevans1/Unit 4 - Coursework/UwAmp/www/" local="133741654782123805" remote="133741654780000000" Dst="2" />
<file name="freebsd.svg" server="C:/Users/aevans1/Unit 4 - Coursework/UwAmp/www/" local="133741654782461833" remote="133741654780000000" Dst="2" />
<file name="fulcrum.svg" server="C:/Users/aevans1/Unit 4 - Coursework/UwAmp/www/" local="133741654782628585" remote="133741654780000000" Dst="2" />
<file name="galactic-republic.svg" server="C:/Users/aevans1/Unit 4 - Coursework/UwAmp/www/" local="133741654782957994" remote="133741654780000000" Dst="2" />
<file name="galactic-senate.svg" server="C:/Users/aevans1/Unit 4 - Coursework/UwAmp/www/" local="133741654783291806" remote="133741654780000000" Dst="2" />
<file name="get-pocket.svg" server="C:/Users/aevans1/Unit 4 - Coursework/UwAmp/www/" local="133741654783624784" remote="133741654780000000" Dst="2" />
<file name="gg-circle.svg" server="C:/Users/aevans1/Unit 4 - Coursework/UwAmp/www/" local="133741654783958473" remote="133741654780000000" Dst="2" />
<file name="gg.svg" server="C:/Users/aevans1/Unit 4 - Coursework/UwAmp/www/" local="133741654784124961" remote="133741654780000000" Dst="2" />
<file name="git-alt.svg" server="C:/Users/aevans1/Unit 4 - Coursework/UwAmp/www/" local="133741654784458001" remote="133741654780000000" Dst="2" />
<file name="git.svg" server="C:/Users/aevans1/Unit 4 - Coursework/UwAmp/www/" local="133741654784791368" remote="133741654780000000" Dst="2" />
<file name="github-alt.svg" server="C:/Users/aevans1/Unit 4 - Coursework/UwAmp/www/" local="133741654785124332" remote="133741654780000000" Dst="2" />
<file name="github.svg" server="C:/Users/aevans1/Unit 4 - Coursework/UwAmp/www/" local="133741654785457418" remote="133741654780000000" Dst="2" />
<file name="gitkraken.svg" server="C:/Users/aevans1/Unit 4 - Coursework/UwAmp/www/" local="133741654785623889" remote="133741654780000000" Dst="2" />
<file name="gitlab.svg" server="C:/Users/aevans1/Unit 4 - Coursework/UwAmp/www/" local="133741654785962056" remote="133741654780000000" Dst="2" />
<file name="gitter.svg" server="C:/Users/aevans1/Unit 4 - Coursework/UwAmp/www/" local="133741654786295019" remote="133741654780000000" Dst="2" />
<file name="glide-g.svg" server="C:/Users/aevans1/Unit 4 - Coursework/UwAmp/www/" local="133741654786628224" remote="133741654780000000" Dst="2" />
<file name="glide.svg" server="C:/Users/aevans1/Unit 4 - Coursework/UwAmp/www/" local="133741654786784374" remote="133741654780000000" Dst="2" />
<file name="gofore.svg" server="C:/Users/aevans1/Unit 4 - Coursework/UwAmp/www/" local="133741654787124354" remote="133741654780000000" Dst="2" />
<file name="golang.svg" server="C:/Users/aevans1/Unit 4 - Coursework/UwAmp/www/" local="133741654787457785" remote="133741654780000000" Dst="2" />
<file name="goodreads-g.svg" server="C:/Users/aevans1/Unit 4 - Coursework/UwAmp/www/" local="133741654787791096" remote="133741654780000000" Dst="2" />
<file name="goodreads.svg" server="C:/Users/aevans1/Unit 4 - Coursework/UwAmp/www/" local="133741654787957544" remote="133741654780000000" Dst="2" />
<file name="google-drive.svg" server="C:/Users/aevans1/Unit 4 - Coursework/UwAmp/www/" local="133741654788280450" remote="133741654780000000" Dst="2" />
<file name="google-pay.svg" server="C:/Users/aevans1/Unit 4 - Coursework/UwAmp/www/" local="133741654788457083" remote="133741654780000000" Dst="2" />
<file name="google-play.svg" server="C:/Users/aevans1/Unit 4 - Coursework/UwAmp/www/" local="133741654788791795" remote="133741654780000000" Dst="2" />
<file name="google-plus-g.svg" server="C:/Users/aevans1/Unit 4 - Coursework/UwAmp/www/" local="133741654788958298" remote="133741654780000000" Dst="2" />
<file name="google-plus.svg" server="C:/Users/aevans1/Unit 4 - Coursework/UwAmp/www/" local="133741654789291286" remote="133741654780000000" Dst="2" />
<file name="google-scholar.svg" server="C:/Users/aevans1/Unit 4 - Coursework/UwAmp/www/" local="133741654789458245" remote="133741654780000000" Dst="2" />
<file name="google-wallet.svg" server="C:/Users/aevans1/Unit 4 - Coursework/UwAmp/www/" local="133741654789791479" remote="133741654780000000" Dst="2" />
<file name="google.svg" server="C:/Users/aevans1/Unit 4 - Coursework/UwAmp/www/" local="133741654789957964" remote="133741654780000000" Dst="2" />
<file name="gratipay.svg" server="C:/Users/aevans1/Unit 4 - Coursework/UwAmp/www/" local="133741654790290940" remote="133741654790000000" Dst="2" />
<file name="grav.svg" server="C:/Users/aevans1/Unit 4 - Coursework/UwAmp/www/" local="133741654790457429" remote="133741654790000000" Dst="2" />
<file name="gripfire.svg" server="C:/Users/aevans1/Unit 4 - Coursework/UwAmp/www/" local="133741654790623975" remote="133741654790000000" Dst="2" />
<file name="grunt.svg" server="C:/Users/aevans1/Unit 4 - Coursework/UwAmp/www/" local="133741654790957185" remote="133741654790000000" Dst="2" />
<file name="guilded.svg" server="C:/Users/aevans1/Unit 4 - Coursework/UwAmp/www/" local="133741654791280467" remote="133741654790000000" Dst="2" />
<file name="gulp.svg" server="C:/Users/aevans1/Unit 4 - Coursework/UwAmp/www/" local="133741654791457103" remote="133741654790000000" Dst="2" />
<file name="hacker-news.svg" server="C:/Users/aevans1/Unit 4 - Coursework/UwAmp/www/" local="133741654791628790" remote="133741654790000000" Dst="2" />
<file name="hackerrank.svg" server="C:/Users/aevans1/Unit 4 - Coursework/UwAmp/www/" local="133741654791961279" remote="133741654790000000" Dst="2" />
<file name="hashnode.svg" server="C:/Users/aevans1/Unit 4 - Coursework/UwAmp/www/" local="133741654792294268" remote="133741654790000000" Dst="2" />
<file name="hips.svg" server="C:/Users/aevans1/Unit 4 - Coursework/UwAmp/www/" local="133741654792628050" remote="133741654790000000" Dst="2" />
<file name="hire-a-helper.svg" server="C:/Users/aevans1/Unit 4 - Coursework/UwAmp/www/" local="133741654792960170" remote="133741654790000000" Dst="2" />
<file name="hive.svg" server="C:/Users/aevans1/Unit 4 - Coursework/UwAmp/www/" local="133741654793293232" remote="133741654790000000" Dst="2" />
<file name="hooli.svg" server="C:/Users/aevans1/Unit 4 - Coursework/UwAmp/www/" local="133741654793626491" remote="133741654790000000" Dst="2" />
<file name="hornbill.svg" server="C:/Users/aevans1/Unit 4 - Coursework/UwAmp/www/" local="133741654793949345" remote="133741654790000000" Dst="2" />
<file name="hotjar.svg" server="C:/Users/aevans1/Unit 4 - Coursework/UwAmp/www/" local="133741654794125944" remote="133741654790000000" Dst="2" />
<file name="houzz.svg" server="C:/Users/aevans1/Unit 4 - Coursework/UwAmp/www/" local="133741654794458930" remote="133741654790000000" Dst="2" />
<file name="html5.svg" server="C:/Users/aevans1/Unit 4 - Coursework/UwAmp/www/" local="133741654794793579" remote="133741654790000000" Dst="2" />
<file name="hubspot.svg" server="C:/Users/aevans1/Unit 4 - Coursework/UwAmp/www/" local="133741654795126583" remote="133741654790000000" Dst="2" />
<file name="ideal.svg" server="C:/Users/aevans1/Unit 4 - Coursework/UwAmp/www/" local="133741654795459559" remote="133741654790000000" Dst="2" />
<file name="imdb.svg" server="C:/Users/aevans1/Unit 4 - Coursework/UwAmp/www/" local="133741654795626277" remote="133741654790000000" Dst="2" />
<file name="instagram.svg" server="C:/Users/aevans1/Unit 4 - Coursework/UwAmp/www/" local="133741654796124969" remote="133741654790000000" Dst="2" />
<file name="instalod.svg" server="C:/Users/aevans1/Unit 4 - Coursework/UwAmp/www/" local="133741654796291481" remote="133741654790000000" Dst="2" />
<file name="intercom.svg" server="C:/Users/aevans1/Unit 4 - Coursework/UwAmp/www/" local="133741654796624733" remote="133741654790000000" Dst="2" />
<file name="internet-explorer.svg" server="C:/Users/aevans1/Unit 4 - Coursework/UwAmp/www/" local="133741654796805611" remote="133741654790000000" Dst="2" />
<file name="invision.svg" server="C:/Users/aevans1/Unit 4 - Coursework/UwAmp/www/" local="133741654797128105" remote="133741654790000000" Dst="2" />
<file name="ioxhost.svg" server="C:/Users/aevans1/Unit 4 - Coursework/UwAmp/www/" local="133741654797461145" remote="133741654790000000" Dst="2" />
<file name="itch-io.svg" server="C:/Users/aevans1/Unit 4 - Coursework/UwAmp/www/" local="133741654797794753" remote="133741654790000000" Dst="2" />
<file name="itunes-note.svg" server="C:/Users/aevans1/Unit 4 - Coursework/UwAmp/www/" local="133741654798127702" remote="133741654790000000" Dst="2" />
<file name="itunes.svg" server="C:/Users/aevans1/Unit 4 - Coursework/UwAmp/www/" local="133741654798461991" remote="133741654790000000" Dst="2" />
<file name="java.svg" server="C:/Users/aevans1/Unit 4 - Coursework/UwAmp/www/" local="133741654798794651" remote="133741654790000000" Dst="2" />
<file name="jedi-order.svg" server="C:/Users/aevans1/Unit 4 - Coursework/UwAmp/www/" local="133741654799128054" remote="133741654790000000" Dst="2" />
<file name="jenkins.svg" server="C:/Users/aevans1/Unit 4 - Coursework/UwAmp/www/" local="133741654799294924" remote="133741654790000000" Dst="2" />
<file name="jira.svg" server="C:/Users/aevans1/Unit 4 - Coursework/UwAmp/www/" local="133741654799628144" remote="133741654790000000" Dst="2" />
<file name="joget.svg" server="C:/Users/aevans1/Unit 4 - Coursework/UwAmp/www/" local="133741654799961089" remote="133741654790000000" Dst="2" />
<file name="joomla.svg" server="C:/Users/aevans1/Unit 4 - Coursework/UwAmp/www/" local="133741654800294160" remote="133741654800000000" Dst="2" />
<file name="js.svg" server="C:/Users/aevans1/Unit 4 - Coursework/UwAmp/www/" local="133741654800627386" remote="133741654800000000" Dst="2" />
<file name="jsfiddle.svg" server="C:/Users/aevans1/Unit 4 - Coursework/UwAmp/www/" local="133741654800793414" remote="133741654800000000" Dst="2" />
<file name="jxl.svg" server="C:/Users/aevans1/Unit 4 - Coursework/UwAmp/www/" local="133741654801126378" remote="133741654800000000" Dst="2" />
<file name="kaggle.svg" server="C:/Users/aevans1/Unit 4 - Coursework/UwAmp/www/" local="133741654801459399" remote="133741654800000000" Dst="2" />
<file name="keybase.svg" server="C:/Users/aevans1/Unit 4 - Coursework/UwAmp/www/" local="133741654801782276" remote="133741654800000000" Dst="2" />
<file name="keycdn.svg" server="C:/Users/aevans1/Unit 4 - Coursework/UwAmp/www/" local="133741654802146076" remote="133741654800000000" Dst="2" />
<file name="kickstarter-k.svg" server="C:/Users/aevans1/Unit 4 - Coursework/UwAmp/www/" local="133741654802497798" remote="133741654800000000" Dst="2" />
<file name="kickstarter.svg" server="C:/Users/aevans1/Unit 4 - Coursework/UwAmp/www/" local="133741654802794495" remote="133741654800000000" Dst="2" />
<file name="korvue.svg" server="C:/Users/aevans1/Unit 4 - Coursework/UwAmp/www/" local="133741654803128097" remote="133741654800000000" Dst="2" />
<file name="laravel.svg" server="C:/Users/aevans1/Unit 4 - Coursework/UwAmp/www/" local="133741654803294589" remote="133741654800000000" Dst="2" />
<file name="lastfm.svg" server="C:/Users/aevans1/Unit 4 - Coursework/UwAmp/www/" local="133741654803627787" remote="133741654800000000" Dst="2" />
<file name="leanpub.svg" server="C:/Users/aevans1/Unit 4 - Coursework/UwAmp/www/" local="133741654803960265" remote="133741654800000000" Dst="2" />
<file name="less.svg" server="C:/Users/aevans1/Unit 4 - Coursework/UwAmp/www/" local="133741654804291489" remote="133741654800000000" Dst="2" />
<file name="letterboxd.svg" server="C:/Users/aevans1/Unit 4 - Coursework/UwAmp/www/" local="133741654804624407" remote="133741654800000000" Dst="2" />
<file name="line.svg" server="C:/Users/aevans1/Unit 4 - Coursework/UwAmp/www/" local="133741654804958088" remote="133741654800000000" Dst="2" />
<file name="linkedin-in.svg" server="C:/Users/aevans1/Unit 4 - Coursework/UwAmp/www/" local="133741654805291167" remote="133741654800000000" Dst="2" />
<file name="linkedin.svg" server="C:/Users/aevans1/Unit 4 - Coursework/UwAmp/www/" local="133741654805457689" remote="133741654800000000" Dst="2" />
<file name="linode.svg" server="C:/Users/aevans1/Unit 4 - Coursework/UwAmp/www/" local="133741654805957768" remote="133741654800000000" Dst="2" />
<file name="linux.svg" server="C:/Users/aevans1/Unit 4 - Coursework/UwAmp/www/" local="133741654806124221" remote="133741654800000000" Dst="2" />
<file name="lyft.svg" server="C:/Users/aevans1/Unit 4 - Coursework/UwAmp/www/" local="133741654806457167" remote="133741654800000000" Dst="2" />
<file name="magento.svg" server="C:/Users/aevans1/Unit 4 - Coursework/UwAmp/www/" local="133741654806793444" remote="133741654800000000" Dst="2" />
<file name="mailchimp.svg" server="C:/Users/aevans1/Unit 4 - Coursework/UwAmp/www/" local="133741654807126824" remote="133741654800000000" Dst="2" />
<file name="mandalorian.svg" server="C:/Users/aevans1/Unit 4 - Coursework/UwAmp/www/" local="133741654807293289" remote="133741654800000000" Dst="2" />
<file name="markdown.svg" server="C:/Users/aevans1/Unit 4 - Coursework/UwAmp/www/" local="133741654807626904" remote="133741654800000000" Dst="2" />
<file name="mastodon.svg" server="C:/Users/aevans1/Unit 4 - Coursework/UwAmp/www/" local="133741654807949890" remote="133741654800000000" Dst="2" />
<file name="maxcdn.svg" server="C:/Users/aevans1/Unit 4 - Coursework/UwAmp/www/" local="133741654808126616" remote="133741654800000000" Dst="2" />
<file name="mdb.svg" server="C:/Users/aevans1/Unit 4 - Coursework/UwAmp/www/" local="133741654808459616" remote="133741654800000000" Dst="2" />
<file name="medapps.svg" server="C:/Users/aevans1/Unit 4 - Coursework/UwAmp/www/" local="133741654808792874" remote="133741654800000000" Dst="2" />
<file name="medium.svg" server="C:/Users/aevans1/Unit 4 - Coursework/UwAmp/www/" local="133741654808959369" remote="133741654800000000" Dst="2" />
<file name="medrt.svg" server="C:/Users/aevans1/Unit 4 - Coursework/UwAmp/www/" local="133741654809292454" remote="133741654800000000" Dst="2" />
<file name="meetup.svg" server="C:/Users/aevans1/Unit 4 - Coursework/UwAmp/www/" local="133741654809625423" remote="133741654800000000" Dst="2" />
<file name="megaport.svg" server="C:/Users/aevans1/Unit 4 - Coursework/UwAmp/www/" local="133741654809958657" remote="133741654800000000" Dst="2" />
<file name="mendeley.svg" server="C:/Users/aevans1/Unit 4 - Coursework/UwAmp/www/" local="133741654810291696" remote="133741654810000000" Dst="2" />
<file name="meta.svg" server="C:/Users/aevans1/Unit 4 - Coursework/UwAmp/www/" local="133741654810458226" remote="133741654810000000" Dst="2" />
<file name="microblog.svg" server="C:/Users/aevans1/Unit 4 - Coursework/UwAmp/www/" local="133741654810791495" remote="133741654810000000" Dst="2" />
<file name="microsoft.svg" server="C:/Users/aevans1/Unit 4 - Coursework/UwAmp/www/" local="133741654811290998" remote="133741654810000000" Dst="2" />
<file name="mintbit.svg" server="C:/Users/aevans1/Unit 4 - Coursework/UwAmp/www/" local="133741654811623990" remote="133741654810000000" Dst="2" />
<file name="mix.svg" server="C:/Users/aevans1/Unit 4 - Coursework/UwAmp/www/" local="133741654811790753" remote="133741654810000000" Dst="2" />
<file name="mixcloud.svg" server="C:/Users/aevans1/Unit 4 - Coursework/UwAmp/www/" local="133741654812280119" remote="133741654810000000" Dst="2" />
<file name="mixer.svg" server="C:/Users/aevans1/Unit 4 - Coursework/UwAmp/www/" local="133741654812461718" remote="133741654810000000" Dst="2" />
<file name="mizuni.svg" server="C:/Users/aevans1/Unit 4 - Coursework/UwAmp/www/" local="133741654812791793" remote="133741654810000000" Dst="2" />
<file name="modx.svg" server="C:/Users/aevans1/Unit 4 - Coursework/UwAmp/www/" local="133741654813124866" remote="133741654810000000" Dst="2" />
<file name="monero.svg" server="C:/Users/aevans1/Unit 4 - Coursework/UwAmp/www/" local="133741654813291363" remote="133741654810000000" Dst="2" />
<file name="napster.svg" server="C:/Users/aevans1/Unit 4 - Coursework/UwAmp/www/" local="133741654813624373" remote="133741654810000000" Dst="2" />
<file name="neos.svg" server="C:/Users/aevans1/Unit 4 - Coursework/UwAmp/www/" local="133741654814124205" remote="133741654810000000" Dst="2" />
<file name="nfc-directional.svg" server="C:/Users/aevans1/Unit 4 - Coursework/UwAmp/www/" local="133741654813791194" remote="133741654810000000" Dst="2" />
<file name="nfc-symbol.svg" server="C:/Users/aevans1/Unit 4 - Coursework/UwAmp/www/" local="133741654814457231" remote="133741654810000000" Dst="2" />
<file name="nimblr.svg" server="C:/Users/aevans1/Unit 4 - Coursework/UwAmp/www/" local="133741654814623753" remote="133741654810000000" Dst="2" />
<file name="node-js.svg" server="C:/Users/aevans1/Unit 4 - Coursework/UwAmp/www/" local="133741654815128548" remote="133741654810000000" Dst="2" />
<file name="node.svg" server="C:/Users/aevans1/Unit 4 - Coursework/UwAmp/www/" local="133741654815461636" remote="133741654810000000" Dst="2" />
<file name="npm.svg" server="C:/Users/aevans1/Unit 4 - Coursework/UwAmp/www/" local="133741654815628341" remote="133741654810000000" Dst="2" />
<file name="ns8.svg" server="C:/Users/aevans1/Unit 4 - Coursework/UwAmp/www/" local="133741654815958588" remote="133741654810000000" Dst="2" />
<file name="nutritionix.svg" server="C:/Users/aevans1/Unit 4 - Coursework/UwAmp/www/" local="133741654816291577" remote="133741654810000000" Dst="2" />
<file name="octopus-deploy.svg" server="C:/Users/aevans1/Unit 4 - Coursework/UwAmp/www/" local="133741654816624535" remote="133741654810000000" Dst="2" />
<file name="odnoklassniki.svg" server="C:/Users/aevans1/Unit 4 - Coursework/UwAmp/www/" local="133741654816791295" remote="133741654810000000" Dst="2" />
<file name="odysee.svg" server="C:/Users/aevans1/Unit 4 - Coursework/UwAmp/www/" local="133741654817124317" remote="133741654810000000" Dst="2" />
<file name="old-republic.svg" server="C:/Users/aevans1/Unit 4 - Coursework/UwAmp/www/" local="133741654817457714" remote="133741654810000000" Dst="2" />
<file name="opencart.svg" server="C:/Users/aevans1/Unit 4 - Coursework/UwAmp/www/" local="133741654817790912" remote="133741654810000000" Dst="2" />
<file name="openid.svg" server="C:/Users/aevans1/Unit 4 - Coursework/UwAmp/www/" local="133741654818124278" remote="133741654810000000" Dst="2" />
<file name="opensuse.svg" server="C:/Users/aevans1/Unit 4 - Coursework/UwAmp/www/" local="133741654818457283" remote="133741654810000000" Dst="2" />
<file name="opera.svg" server="C:/Users/aevans1/Unit 4 - Coursework/UwAmp/www/" local="133741654818623806" remote="133741654810000000" Dst="2" />
<file name="optin-monster.svg" server="C:/Users/aevans1/Unit 4 - Coursework/UwAmp/www/" local="133741654818961979" remote="133741654810000000" Dst="2" />
<file name="orcid.svg" server="C:/Users/aevans1/Unit 4 - Coursework/UwAmp/www/" local="133741654819284877" remote="133741654810000000" Dst="2" />
<file name="osi.svg" server="C:/Users/aevans1/Unit 4 - Coursework/UwAmp/www/" local="133741654819461476" remote="133741654810000000" Dst="2" />
<file name="padlet.svg" server="C:/Users/aevans1/Unit 4 - Coursework/UwAmp/www/" local="133741654819795283" remote="133741654810000000" Dst="2" />
<file name="page4.svg" server="C:/Users/aevans1/Unit 4 - Coursework/UwAmp/www/" local="133741654820128244" remote="133741654820000000" Dst="2" />
<file name="pagelines.svg" server="C:/Users/aevans1/Unit 4 - Coursework/UwAmp/www/" local="133741654820294725" remote="133741654820000000" Dst="2" />
<file name="palfed.svg" server="C:/Users/aevans1/Unit 4 - Coursework/UwAmp/www/" local="133741654820628355" remote="133741654820000000" Dst="2" />
<file name="patreon.svg" server="C:/Users/aevans1/Unit 4 - Coursework/UwAmp/www/" local="133741654820960582" remote="133741654820000000" Dst="2" />
<file name="paypal.svg" server="C:/Users/aevans1/Unit 4 - Coursework/UwAmp/www/" local="133741654821293610" remote="133741654820000000" Dst="2" />
<file name="perbyte.svg" server="C:/Users/aevans1/Unit 4 - Coursework/UwAmp/www/" local="133741654821626838" remote="133741654820000000" Dst="2" />
<file name="periscope.svg" server="C:/Users/aevans1/Unit 4 - Coursework/UwAmp/www/" local="133741654821961589" remote="133741654820000000" Dst="2" />
<file name="phabricator.svg" server="C:/Users/aevans1/Unit 4 - Coursework/UwAmp/www/" local="133741654822128635" remote="133741654820000000" Dst="2" />
<file name="phoenix-framework.svg" server="C:/Users/aevans1/Unit 4 - Coursework/UwAmp/www/" local="133741654822457266" remote="133741654820000000" Dst="2" />
<file name="phoenix-squadron.svg" server="C:/Users/aevans1/Unit 4 - Coursework/UwAmp/www/" local="133741654822790543" remote="133741654820000000" Dst="2" />
<file name="php.svg" server="C:/Users/aevans1/Unit 4 - Coursework/UwAmp/www/" local="133741654823128590" remote="133741654820000000" Dst="2" />
<file name="pied-piper-alt.svg" server="C:/Users/aevans1/Unit 4 - Coursework/UwAmp/www/" local="133741654823461973" remote="133741654820000000" Dst="2" />
<file name="pied-piper-hat.svg" server="C:/Users/aevans1/Unit 4 - Coursework/UwAmp/www/" local="133741654823794639" remote="133741654820000000" Dst="2" />
<file name="pied-piper-pp.svg" server="C:/Users/aevans1/Unit 4 - Coursework/UwAmp/www/" local="133741654824128462" remote="133741654820000000" Dst="2" />
<file name="pied-piper.svg" server="C:/Users/aevans1/Unit 4 - Coursework/UwAmp/www/" local="133741654824294963" remote="133741654820000000" Dst="2" />
<file name="pinterest-p.svg" server="C:/Users/aevans1/Unit 4 - Coursework/UwAmp/www/" local="133741654824628173" remote="133741654820000000" Dst="2" />
<file name="pinterest.svg" server="C:/Users/aevans1/Unit 4 - Coursework/UwAmp/www/" local="133741654824794092" remote="133741654820000000" Dst="2" />
<file name="pix.svg" server="C:/Users/aevans1/Unit 4 - Coursework/UwAmp/www/" local="133741654825127698" remote="133741654820000000" Dst="2" />
<file name="pixiv.svg" server="C:/Users/aevans1/Unit 4 - Coursework/UwAmp/www/" local="133741654825461104" remote="133741654820000000" Dst="2" />
<file name="playstation.svg" server="C:/Users/aevans1/Unit 4 - Coursework/UwAmp/www/" local="133741654825627831" remote="133741654820000000" Dst="2" />
<file name="product-hunt.svg" server="C:/Users/aevans1/Unit 4 - Coursework/UwAmp/www/" local="133741654825960035" remote="133741654820000000" Dst="2" />
<file name="pushed.svg" server="C:/Users/aevans1/Unit 4 - Coursework/UwAmp/www/" local="133741654826293056" remote="133741654820000000" Dst="2" />
<file name="python.svg" server="C:/Users/aevans1/Unit 4 - Coursework/UwAmp/www/" local="133741654826459576" remote="133741654820000000" Dst="2" />
<file name="qq.svg" server="C:/Users/aevans1/Unit 4 - Coursework/UwAmp/www/" local="133741654826792427" remote="133741654820000000" Dst="2" />
<file name="quinscape.svg" server="C:/Users/aevans1/Unit 4 - Coursework/UwAmp/www/" local="133741654827125972" remote="133741654820000000" Dst="2" />
<file name="quora.svg" server="C:/Users/aevans1/Unit 4 - Coursework/UwAmp/www/" local="133741654827459566" remote="133741654820000000" Dst="2" />
<file name="r-project.svg" server="C:/Users/aevans1/Unit 4 - Coursework/UwAmp/www/" local="133741654827626284" remote="133741654820000000" Dst="2" />
<file name="raspberry-pi.svg" server="C:/Users/aevans1/Unit 4 - Coursework/UwAmp/www/" local="133741654827958710" remote="133741654820000000" Dst="2" />
<file name="ravelry.svg" server="C:/Users/aevans1/Unit 4 - Coursework/UwAmp/www/" local="133741654828449019" remote="133741654820000000" Dst="2" />
<file name="react.svg" server="C:/Users/aevans1/Unit 4 - Coursework/UwAmp/www/" local="133741654828625845" remote="133741654820000000" Dst="2" />
<file name="reacteurope.svg" server="C:/Users/aevans1/Unit 4 - Coursework/UwAmp/www/" local="133741654828958225" remote="133741654820000000" Dst="2" />
<file name="readme.svg" server="C:/Users/aevans1/Unit 4 - Coursework/UwAmp/www/" local="133741654829292446" remote="133741654820000000" Dst="2" />
<file name="rebel.svg" server="C:/Users/aevans1/Unit 4 - Coursework/UwAmp/www/" local="133741654829615710" remote="133741654820000000" Dst="2" />
<file name="red-river.svg" server="C:/Users/aevans1/Unit 4 - Coursework/UwAmp/www/" local="133741654829957092" remote="133741654820000000" Dst="2" />
<file name="reddit-alien.svg" server="C:/Users/aevans1/Unit 4 - Coursework/UwAmp/www/" local="133741654830128566" remote="133741654830000000" Dst="2" />
<file name="reddit.svg" server="C:/Users/aevans1/Unit 4 - Coursework/UwAmp/www/" local="133741654830461623" remote="133741654830000000" Dst="2" />
<file name="redhat.svg" server="C:/Users/aevans1/Unit 4 - Coursework/UwAmp/www/" local="133741654830628776" remote="133741654830000000" Dst="2" />
<file name="renren.svg" server="C:/Users/aevans1/Unit 4 - Coursework/UwAmp/www/" local="133741654830960964" remote="133741654830000000" Dst="2" />
<file name="replyd.svg" server="C:/Users/aevans1/Unit 4 - Coursework/UwAmp/www/" local="133741654831294346" remote="133741654830000000" Dst="2" />
<file name="researchgate.svg" server="C:/Users/aevans1/Unit 4 - Coursework/UwAmp/www/" local="133741654831617289" remote="133741654830000000" Dst="2" />
<file name="resolving.svg" server="C:/Users/aevans1/Unit 4 - Coursework/UwAmp/www/" local="133741654831793510" remote="133741654830000000" Dst="2" />
<file name="rev.svg" server="C:/Users/aevans1/Unit 4 - Coursework/UwAmp/www/" local="133741654832126485" remote="133741654830000000" Dst="2" />
<file name="rocketchat.svg" server="C:/Users/aevans1/Unit 4 - Coursework/UwAmp/www/" local="133741654832459495" remote="133741654830000000" Dst="2" />
<file name="rockrms.svg" server="C:/Users/aevans1/Unit 4 - Coursework/UwAmp/www/" local="133741654832793890" remote="133741654830000000" Dst="2" />
<file name="rust.svg" server="C:/Users/aevans1/Unit 4 - Coursework/UwAmp/www/" local="133741654832960368" remote="133741654830000000" Dst="2" />
<file name="safari.svg" server="C:/Users/aevans1/Unit 4 - Coursework/UwAmp/www/" local="133741654833293382" remote="133741654830000000" Dst="2" />
<file name="salesforce.svg" server="C:/Users/aevans1/Unit 4 - Coursework/UwAmp/www/" local="133741654833459879" remote="133741654830000000" Dst="2" />
<file name="sass.svg" server="C:/Users/aevans1/Unit 4 - Coursework/UwAmp/www/" local="133741654833792722" remote="133741654830000000" Dst="2" />
<file name="schlix.svg" server="C:/Users/aevans1/Unit 4 - Coursework/UwAmp/www/" local="133741654834136347" remote="133741654830000000" Dst="2" />
<file name="screenpal.svg" server="C:/Users/aevans1/Unit 4 - Coursework/UwAmp/www/" local="133741654834498333" remote="133741654830000000" Dst="2" />
<file name="scribd.svg" server="C:/Users/aevans1/Unit 4 - Coursework/UwAmp/www/" local="133741654834795333" remote="133741654830000000" Dst="2" />
<file name="searchengin.svg" server="C:/Users/aevans1/Unit 4 - Coursework/UwAmp/www/" local="133741654834961818" remote="133741654830000000" Dst="2" />
<file name="sellcast.svg" server="C:/Users/aevans1/Unit 4 - Coursework/UwAmp/www/" local="133741654835294850" remote="133741654830000000" Dst="2" />
<file name="sellsy.svg" server="C:/Users/aevans1/Unit 4 - Coursework/UwAmp/www/" local="133741654835461374" remote="133741654830000000" Dst="2" />
<file name="servicestack.svg" server="C:/Users/aevans1/Unit 4 - Coursework/UwAmp/www/" local="133741654835790923" remote="133741654830000000" Dst="2" />
<file name="shirtsinbulk.svg" server="C:/Users/aevans1/Unit 4 - Coursework/UwAmp/www/" local="133741654836123917" remote="133741654830000000" Dst="2" />
<file name="shoelace.svg" server="C:/Users/aevans1/Unit 4 - Coursework/UwAmp/www/" local="133741654836461933" remote="133741654830000000" Dst="2" />
<file name="shopify.svg" server="C:/Users/aevans1/Unit 4 - Coursework/UwAmp/www/" local="133741654836628635" remote="133741654830000000" Dst="2" />
<file name="shopware.svg" server="C:/Users/aevans1/Unit 4 - Coursework/UwAmp/www/" local="133741654836961192" remote="133741654830000000" Dst="2" />
<file name="signal-messenger.svg" server="C:/Users/aevans1/Unit 4 - Coursework/UwAmp/www/" local="133741654837293991" remote="133741654830000000" Dst="2" />
<file name="simplybuilt.svg" server="C:/Users/aevans1/Unit 4 - Coursework/UwAmp/www/" local="133741654837624186" remote="133741654830000000" Dst="2" />
<file name="sistrix.svg" server="C:/Users/aevans1/Unit 4 - Coursework/UwAmp/www/" local="133741654837957421" remote="133741654830000000" Dst="2" />
<file name="sith.svg" server="C:/Users/aevans1/Unit 4 - Coursework/UwAmp/www/" local="133741654838123953" remote="133741654830000000" Dst="2" />
<file name="sitrox.svg" server="C:/Users/aevans1/Unit 4 - Coursework/UwAmp/www/" local="133741654838461937" remote="133741654830000000" Dst="2" />
<file name="sketch.svg" server="C:/Users/aevans1/Unit 4 - Coursework/UwAmp/www/" local="133741654838793766" remote="133741654830000000" Dst="2" />
<file name="skyatlas.svg" server="C:/Users/aevans1/Unit 4 - Coursework/UwAmp/www/" local="133741654838960271" remote="133741654830000000" Dst="2" />
<file name="skype.svg" server="C:/Users/aevans1/Unit 4 - Coursework/UwAmp/www/" local="133741654839293268" remote="133741654830000000" Dst="2" />
<file name="slack.svg" server="C:/Users/aevans1/Unit 4 - Coursework/UwAmp/www/" local="133741654839626299" remote="133741654830000000" Dst="2" />
<file name="slideshare.svg" server="C:/Users/aevans1/Unit 4 - Coursework/UwAmp/www/" local="133741654839959570" remote="133741654830000000" Dst="2" />
<file name="snapchat.svg" server="C:/Users/aevans1/Unit 4 - Coursework/UwAmp/www/" local="133741654840282475" remote="133741654840000000" Dst="2" />
<file name="soundcloud.svg" server="C:/Users/aevans1/Unit 4 - Coursework/UwAmp/www/" local="133741654840459104" remote="133741654840000000" Dst="2" />
<file name="sourcetree.svg" server="C:/Users/aevans1/Unit 4 - Coursework/UwAmp/www/" local="133741654840792370" remote="133741654840000000" Dst="2" />
<file name="space-awesome.svg" server="C:/Users/aevans1/Unit 4 - Coursework/UwAmp/www/" local="133741654841291917" remote="133741654840000000" Dst="2" />
<file name="speakap.svg" server="C:/Users/aevans1/Unit 4 - Coursework/UwAmp/www/" local="133741654841624936" remote="133741654840000000" Dst="2" />
<file name="speaker-deck.svg" server="C:/Users/aevans1/Unit 4 - Coursework/UwAmp/www/" local="133741654841791729" remote="133741654840000000" Dst="2" />
<file name="spotify.svg" server="C:/Users/aevans1/Unit 4 - Coursework/UwAmp/www/" local="133741654842124768" remote="133741654840000000" Dst="2" />
<file name="square-behance.svg" server="C:/Users/aevans1/Unit 4 - Coursework/UwAmp/www/" local="133741654842457793" remote="133741654840000000" Dst="2" />
<file name="square-dribbble.svg" server="C:/Users/aevans1/Unit 4 - Coursework/UwAmp/www/" local="133741654842791094" remote="133741654840000000" Dst="2" />
<file name="square-facebook.svg" server="C:/Users/aevans1/Unit 4 - Coursework/UwAmp/www/" local="133741654842957594" remote="133741654840000000" Dst="2" />
<file name="square-font-awesome-stroke.svg" server="C:/Users/aevans1/Unit 4 - Coursework/UwAmp/www/" local="133741654843290559" remote="133741654840000000" Dst="2" />
<file name="square-font-awesome.svg" server="C:/Users/aevans1/Unit 4 - Coursework/UwAmp/www/" local="133741654843628878" remote="133741654840000000" Dst="2" />
<file name="square-git.svg" server="C:/Users/aevans1/Unit 4 - Coursework/UwAmp/www/" local="133741654843960631" remote="133741654840000000" Dst="2" />
<file name="square-github.svg" server="C:/Users/aevans1/Unit 4 - Coursework/UwAmp/www/" local="133741654844293643" remote="133741654840000000" Dst="2" />
<file name="square-gitlab.svg" server="C:/Users/aevans1/Unit 4 - Coursework/UwAmp/www/" local="133741654844627046" remote="133741654840000000" Dst="2" />
<file name="square-google-plus.svg" server="C:/Users/aevans1/Unit 4 - Coursework/UwAmp/www/" local="133741654844793804" remote="133741654840000000" Dst="2" />
<file name="square-hacker-news.svg" server="C:/Users/aevans1/Unit 4 - Coursework/UwAmp/www/" local="133741654845126772" remote="133741654840000000" Dst="2" />
<file name="square-instagram.svg" server="C:/Users/aevans1/Unit 4 - Coursework/UwAmp/www/" local="133741654845459727" remote="133741654840000000" Dst="2" />
<file name="square-js.svg" server="C:/Users/aevans1/Unit 4 - Coursework/UwAmp/www/" local="133741654845793023" remote="133741654840000000" Dst="2" />
<file name="square-lastfm.svg" server="C:/Users/aevans1/Unit 4 - Coursework/UwAmp/www/" local="133741654846126013" remote="133741654840000000" Dst="2" />
<file name="square-letterboxd.svg" server="C:/Users/aevans1/Unit 4 - Coursework/UwAmp/www/" local="133741654846448890" remote="133741654840000000" Dst="2" />
<file name="square-odnoklassniki.svg" server="C:/Users/aevans1/Unit 4 - Coursework/UwAmp/www/" local="133741654846625514" remote="133741654840000000" Dst="2" />
<file name="square-pied-piper.svg" server="C:/Users/aevans1/Unit 4 - Coursework/UwAmp/www/" local="133741654846958715" remote="133741654840000000" Dst="2" />
<file name="square-pinterest.svg" server="C:/Users/aevans1/Unit 4 - Coursework/UwAmp/www/" local="133741654847291711" remote="133741654840000000" Dst="2" />
<file name="square-reddit.svg" server="C:/Users/aevans1/Unit 4 - Coursework/UwAmp/www/" local="133741654847458183" remote="133741654840000000" Dst="2" />
<file name="square-snapchat.svg" server="C:/Users/aevans1/Unit 4 - Coursework/UwAmp/www/" local="133741654847791456" remote="133741654840000000" Dst="2" />
<file name="square-steam.svg" server="C:/Users/aevans1/Unit 4 - Coursework/UwAmp/www/" local="133741654848124625" remote="133741654840000000" Dst="2" />
<file name="square-threads.svg" server="C:/Users/aevans1/Unit 4 - Coursework/UwAmp/www/" local="133741654848457706" remote="133741654840000000" Dst="2" />
<file name="square-tumblr.svg" server="C:/Users/aevans1/Unit 4 - Coursework/UwAmp/www/" local="133741654848791028" remote="133741654840000000" Dst="2" />
<file name="square-twitter.svg" server="C:/Users/aevans1/Unit 4 - Coursework/UwAmp/www/" local="133741654848957577" remote="133741654840000000" Dst="2" />
<file name="square-upwork.svg" server="C:/Users/aevans1/Unit 4 - Coursework/UwAmp/www/" local="133741654849290542" remote="133741654840000000" Dst="2" />
<file name="square-viadeo.svg" server="C:/Users/aevans1/Unit 4 - Coursework/UwAmp/www/" local="133741654849462035" remote="133741654840000000" Dst="2" />
<file name="square-vimeo.svg" server="C:/Users/aevans1/Unit 4 - Coursework/UwAmp/www/" local="133741654849790713" remote="133741654840000000" Dst="2" />
<file name="square-web-awesome-stroke.svg" server="C:/Users/aevans1/Unit 4 - Coursework/UwAmp/www/" local="133741654850124096" remote="133741654850000000" Dst="2" />
<file name="square-web-awesome.svg" server="C:/Users/aevans1/Unit 4 - Coursework/UwAmp/www/" local="133741654850290582" remote="133741654850000000" Dst="2" />
<file name="square-whatsapp.svg" server="C:/Users/aevans1/Unit 4 - Coursework/UwAmp/www/" local="133741654850628744" remote="133741654850000000" Dst="2" />
<file name="square-x-twitter.svg" server="C:/Users/aevans1/Unit 4 - Coursework/UwAmp/www/" local="133741654850961618" remote="133741654850000000" Dst="2" />
<file name="square-xing.svg" server="C:/Users/aevans1/Unit 4 - Coursework/UwAmp/www/" local="133741654851294594" remote="133741654850000000" Dst="2" />
<file name="square-youtube.svg" server="C:/Users/aevans1/Unit 4 - Coursework/UwAmp/www/" local="133741654851461066" remote="133741654850000000" Dst="2" />
<file name="squarespace.svg" server="C:/Users/aevans1/Unit 4 - Coursework/UwAmp/www/" local="133741654851794735" remote="133741654850000000" Dst="2" />
<file name="stack-exchange.svg" server="C:/Users/aevans1/Unit 4 - Coursework/UwAmp/www/" local="133741654851961224" remote="133741654850000000" Dst="2" />
<file name="stack-overflow.svg" server="C:/Users/aevans1/Unit 4 - Coursework/UwAmp/www/" local="133741654852294387" remote="133741654850000000" Dst="2" />
<file name="stackpath.svg" server="C:/Users/aevans1/Unit 4 - Coursework/UwAmp/www/" local="133741654852627620" remote="133741654850000000" Dst="2" />
<file name="staylinked.svg" server="C:/Users/aevans1/Unit 4 - Coursework/UwAmp/www/" local="133741654852793331" remote="133741654850000000" Dst="2" />
<file name="steam-symbol.svg" server="C:/Users/aevans1/Unit 4 - Coursework/UwAmp/www/" local="133741654852959825" remote="133741654850000000" Dst="2" />
<file name="steam.svg" server="C:/Users/aevans1/Unit 4 - Coursework/UwAmp/www/" local="133741654853292886" remote="133741654850000000" Dst="2" />
<file name="sticker-mule.svg" server="C:/Users/aevans1/Unit 4 - Coursework/UwAmp/www/" local="133741654853626056" remote="133741654850000000" Dst="2" />
<file name="strava.svg" server="C:/Users/aevans1/Unit 4 - Coursework/UwAmp/www/" local="133741654853794792" remote="133741654850000000" Dst="2" />
<file name="stripe-s.svg" server="C:/Users/aevans1/Unit 4 - Coursework/UwAmp/www/" local="133741654854127807" remote="133741654850000000" Dst="2" />
<file name="stripe.svg" server="C:/Users/aevans1/Unit 4 - Coursework/UwAmp/www/" local="133741654854294347" remote="133741654850000000" Dst="2" />
<file name="stubber.svg" server="C:/Users/aevans1/Unit 4 - Coursework/UwAmp/www/" local="133741654854627568" remote="133741654850000000" Dst="2" />
<file name="studiovinari.svg" server="C:/Users/aevans1/Unit 4 - Coursework/UwAmp/www/" local="133741654854793436" remote="133741654850000000" Dst="2" />
<file name="stumbleupon-circle.svg" server="C:/Users/aevans1/Unit 4 - Coursework/UwAmp/www/" local="133741654855126436" remote="133741654850000000" Dst="2" />
<file name="stumbleupon.svg" server="C:/Users/aevans1/Unit 4 - Coursework/UwAmp/www/" local="133741654855449289" remote="133741654850000000" Dst="2" />
<file name="superpowers.svg" server="C:/Users/aevans1/Unit 4 - Coursework/UwAmp/www/" local="133741654855626131" remote="133741654850000000" Dst="2" />
<file name="supple.svg" server="C:/Users/aevans1/Unit 4 - Coursework/UwAmp/www/" local="133741654855959228" remote="133741654850000000" Dst="2" />
<file name="suse.svg" server="C:/Users/aevans1/Unit 4 - Coursework/UwAmp/www/" local="133741654856292188" remote="133741654850000000" Dst="2" />
<file name="swift.svg" server="C:/Users/aevans1/Unit 4 - Coursework/UwAmp/www/" local="133741654856625376" remote="133741654850000000" Dst="2" />
<file name="symfony.svg" server="C:/Users/aevans1/Unit 4 - Coursework/UwAmp/www/" local="133741654857127891" remote="133741654850000000" Dst="2" />
<file name="teamspeak.svg" server="C:/Users/aevans1/Unit 4 - Coursework/UwAmp/www/" local="133741654856794963" remote="133741654850000000" Dst="2" />
<file name="telegram.svg" server="C:/Users/aevans1/Unit 4 - Coursework/UwAmp/www/" local="133741654857294396" remote="133741654850000000" Dst="2" />
<file name="tencent-weibo.svg" server="C:/Users/aevans1/Unit 4 - Coursework/UwAmp/www/" local="133741654857627589" remote="133741654850000000" Dst="2" />
<file name="the-red-yeti.svg" server="C:/Users/aevans1/Unit 4 - Coursework/UwAmp/www/" local="133741654857960176" remote="133741654850000000" Dst="2" />
<file name="themeco.svg" server="C:/Users/aevans1/Unit 4 - Coursework/UwAmp/www/" local="133741654858126711" remote="133741654850000000" Dst="2" />
<file name="themeisle.svg" server="C:/Users/aevans1/Unit 4 - Coursework/UwAmp/www/" local="133741654858459708" remote="133741654850000000" Dst="2" />
<file name="think-peaks.svg" server="C:/Users/aevans1/Unit 4 - Coursework/UwAmp/www/" local="133741654858793723" remote="133741654850000000" Dst="2" />
<file name="threads.svg" server="C:/Users/aevans1/Unit 4 - Coursework/UwAmp/www/" local="133741654859126744" remote="133741654850000000" Dst="2" />
<file name="tiktok.svg" server="C:/Users/aevans1/Unit 4 - Coursework/UwAmp/www/" local="133741654859449603" remote="133741654850000000" Dst="2" />
<file name="trade-federation.svg" server="C:/Users/aevans1/Unit 4 - Coursework/UwAmp/www/" local="133741654859626416" remote="133741654850000000" Dst="2" />
<file name="trello.svg" server="C:/Users/aevans1/Unit 4 - Coursework/UwAmp/www/" local="133741654859958817" remote="133741654850000000" Dst="2" />
<file name="tumblr.svg" server="C:/Users/aevans1/Unit 4 - Coursework/UwAmp/www/" local="133741654860125309" remote="133741654860000000" Dst="2" />
<file name="twitch.svg" server="C:/Users/aevans1/Unit 4 - Coursework/UwAmp/www/" local="133741654860458288" remote="133741654860000000" Dst="2" />
<file name="twitter.svg" server="C:/Users/aevans1/Unit 4 - Coursework/UwAmp/www/" local="133741654860624973" remote="133741654860000000" Dst="2" />
<file name="typo3.svg" server="C:/Users/aevans1/Unit 4 - Coursework/UwAmp/www/" local="133741654860958930" remote="133741654860000000" Dst="2" />
<file name="uber.svg" server="C:/Users/aevans1/Unit 4 - Coursework/UwAmp/www/" local="133741654861291949" remote="133741654860000000" Dst="2" />
<file name="ubuntu.svg" server="C:/Users/aevans1/Unit 4 - Coursework/UwAmp/www/" local="133741654861625112" remote="133741654860000000" Dst="2" />
<file name="uikit.svg" server="C:/Users/aevans1/Unit 4 - Coursework/UwAmp/www/" local="133741654861957525" remote="133741654860000000" Dst="2" />
<file name="umbraco.svg" server="C:/Users/aevans1/Unit 4 - Coursework/UwAmp/www/" local="133741654862123984" remote="133741654860000000" Dst="2" />
<file name="uncharted.svg" server="C:/Users/aevans1/Unit 4 - Coursework/UwAmp/www/" local="133741654862462050" remote="133741654860000000" Dst="2" />
<file name="uniregistry.svg" server="C:/Users/aevans1/Unit 4 - Coursework/UwAmp/www/" local="133741654862794801" remote="133741654860000000" Dst="2" />
<file name="unity.svg" server="C:/Users/aevans1/Unit 4 - Coursework/UwAmp/www/" local="133741654862961292" remote="133741654860000000" Dst="2" />
<file name="unsplash.svg" server="C:/Users/aevans1/Unit 4 - Coursework/UwAmp/www/" local="133741654863294295" remote="133741654860000000" Dst="2" />
<file name="untappd.svg" server="C:/Users/aevans1/Unit 4 - Coursework/UwAmp/www/" local="133741654863627500" remote="133741654860000000" Dst="2" />
<file name="ups.svg" server="C:/Users/aevans1/Unit 4 - Coursework/UwAmp/www/" local="133741654863783703" remote="133741654860000000" Dst="2" />
<file name="upwork.svg" server="C:/Users/aevans1/Unit 4 - Coursework/UwAmp/www/" local="133741654864124292" remote="133741654860000000" Dst="2" />
<file name="usb.svg" server="C:/Users/aevans1/Unit 4 - Coursework/UwAmp/www/" local="133741654864457322" remote="133741654860000000" Dst="2" />
<file name="usps.svg" server="C:/Users/aevans1/Unit 4 - Coursework/UwAmp/www/" local="133741654864790605" remote="133741654860000000" Dst="2" />
<file name="ussunnah.svg" server="C:/Users/aevans1/Unit 4 - Coursework/UwAmp/www/" local="133741654865128583" remote="133741654860000000" Dst="2" />
<file name="vaadin.svg" server="C:/Users/aevans1/Unit 4 - Coursework/UwAmp/www/" local="133741654865461557" remote="133741654860000000" Dst="2" />
<file name="viacoin.svg" server="C:/Users/aevans1/Unit 4 - Coursework/UwAmp/www/" local="133741654865628224" remote="133741654860000000" Dst="2" />
<file name="viadeo.svg" server="C:/Users/aevans1/Unit 4 - Coursework/UwAmp/www/" local="133741654865960891" remote="133741654860000000" Dst="2" />
<file name="viber.svg" server="C:/Users/aevans1/Unit 4 - Coursework/UwAmp/www/" local="133741654866249162" remote="133741654860000000" Dst="2" />
<file name="vimeo-v.svg" server="C:/Users/aevans1/Unit 4 - Coursework/UwAmp/www/" local="133741654866457956" remote="133741654860000000" Dst="2" />
<file name="vimeo.svg" server="C:/Users/aevans1/Unit 4 - Coursework/UwAmp/www/" local="133741654866791136" remote="133741654860000000" Dst="2" />
<file name="vine.svg" server="C:/Users/aevans1/Unit 4 - Coursework/UwAmp/www/" local="133741654866957614" remote="133741654860000000" Dst="2" />
<file name="vk.svg" server="C:/Users/aevans1/Unit 4 - Coursework/UwAmp/www/" local="133741654867290560" remote="133741654860000000" Dst="2" />
<file name="vnv.svg" server="C:/Users/aevans1/Unit 4 - Coursework/UwAmp/www/" local="133741654867628837" remote="133741654860000000" Dst="2" />
<file name="vuejs.svg" server="C:/Users/aevans1/Unit 4 - Coursework/UwAmp/www/" local="133741654867797256" remote="133741654860000000" Dst="2" />
<file name="watchman-monitoring.svg" server="C:/Users/aevans1/Unit 4 - Coursework/UwAmp/www/" local="133741654868125271" remote="133741654860000000" Dst="2" />
<file name="waze.svg" server="C:/Users/aevans1/Unit 4 - Coursework/UwAmp/www/" local="133741654868460440" remote="133741654860000000" Dst="2" />
<file name="web-awesome.svg" server="C:/Users/aevans1/Unit 4 - Coursework/UwAmp/www/" local="133741654868793716" remote="133741654860000000" Dst="2" />
<file name="webflow.svg" server="C:/Users/aevans1/Unit 4 - Coursework/UwAmp/www/" local="133741654868960668" remote="133741654860000000" Dst="2" />
<file name="weebly.svg" server="C:/Users/aevans1/Unit 4 - Coursework/UwAmp/www/" local="133741654869362074" remote="133741654860000000" Dst="2" />
<file name="weibo.svg" server="C:/Users/aevans1/Unit 4 - Coursework/UwAmp/www/" local="133741654869623917" remote="133741654860000000" Dst="2" />
<file name="weixin.svg" server="C:/Users/aevans1/Unit 4 - Coursework/UwAmp/www/" local="133741654869961946" remote="133741654860000000" Dst="2" />
<file name="whatsapp.svg" server="C:/Users/aevans1/Unit 4 - Coursework/UwAmp/www/" local="133741654870128543" remote="133741654870000000" Dst="2" />
<file name="whmcs.svg" server="C:/Users/aevans1/Unit 4 - Coursework/UwAmp/www/" local="133741654870461507" remote="133741654870000000" Dst="2" />
<file name="wikipedia-w.svg" server="C:/Users/aevans1/Unit 4 - Coursework/UwAmp/www/" local="133741654870794853" remote="133741654870000000" Dst="2" />
<file name="windows.svg" server="C:/Users/aevans1/Unit 4 - Coursework/UwAmp/www/" local="133741654871127830" remote="133741654870000000" Dst="2" />
<file name="wirsindhandwerk.svg" server="C:/Users/aevans1/Unit 4 - Coursework/UwAmp/www/" local="133741654871461132" remote="133741654870000000" Dst="2" />
<file name="wix.svg" server="C:/Users/aevans1/Unit 4 - Coursework/UwAmp/www/" local="133741654871627615" remote="133741654870000000" Dst="2" />
<file name="wizards-of-the-coast.svg" server="C:/Users/aevans1/Unit 4 - Coursework/UwAmp/www/" local="133741654871960961" remote="133741654870000000" Dst="2" />
<file name="wodu.svg" server="C:/Users/aevans1/Unit 4 - Coursework/UwAmp/www/" local="133741654872294023" remote="133741654870000000" Dst="2" />
<file name="wolf-pack-battalion.svg" server="C:/Users/aevans1/Unit 4 - Coursework/UwAmp/www/" local="133741654872627845" remote="133741654870000000" Dst="2" />
<file name="wordpress-simple.svg" server="C:/Users/aevans1/Unit 4 - Coursework/UwAmp/www/" local="133741654872794591" remote="133741654870000000" Dst="2" />
<file name="wordpress.svg" server="C:/Users/aevans1/Unit 4 - Coursework/UwAmp/www/" local="133741654873117431" remote="133741654870000000" Dst="2" />
<file name="wpbeginner.svg" server="C:/Users/aevans1/Unit 4 - Coursework/UwAmp/www/" local="133741654873460987" remote="133741654870000000" Dst="2" />
<file name="wpexplorer.svg" server="C:/Users/aevans1/Unit 4 - Coursework/UwAmp/www/" local="133741654873783859" remote="133741654870000000" Dst="2" />
<file name="wpforms.svg" server="C:/Users/aevans1/Unit 4 - Coursework/UwAmp/www/" local="133741654873960747" remote="133741654870000000" Dst="2" />
<file name="wpressr.svg" server="C:/Users/aevans1/Unit 4 - Coursework/UwAmp/www/" local="133741654874294166" remote="133741654870000000" Dst="2" />
<file name="x-twitter.svg" server="C:/Users/aevans1/Unit 4 - Coursework/UwAmp/www/" local="133741654874460647" remote="133741654870000000" Dst="2" />
<file name="xbox.svg" server="C:/Users/aevans1/Unit 4 - Coursework/UwAmp/www/" local="133741654874793916" remote="133741654870000000" Dst="2" />
<file name="xing.svg" server="C:/Users/aevans1/Unit 4 - Coursework/UwAmp/www/" local="133741654875126881" remote="133741654870000000" Dst="2" />
<file name="y-combinator.svg" server="C:/Users/aevans1/Unit 4 - Coursework/UwAmp/www/" local="133741654875459850" remote="133741654870000000" Dst="2" />
<file name="yahoo.svg" server="C:/Users/aevans1/Unit 4 - Coursework/UwAmp/www/" local="133741654875626336" remote="133741654870000000" Dst="2" />
<file name="yammer.svg" server="C:/Users/aevans1/Unit 4 - Coursework/UwAmp/www/" local="133741654875959608" remote="133741654870000000" Dst="2" />
<file name="yandex-international.svg" server="C:/Users/aevans1/Unit 4 - Coursework/UwAmp/www/" local="133741654876292592" remote="133741654870000000" Dst="2" />
<file name="yandex.svg" server="C:/Users/aevans1/Unit 4 - Coursework/UwAmp/www/" local="133741654876625532" remote="133741654870000000" Dst="2" />
<file name="yarn.svg" server="C:/Users/aevans1/Unit 4 - Coursework/UwAmp/www/" local="133741654876948624" remote="133741654870000000" Dst="2" />
<file name="yelp.svg" server="C:/Users/aevans1/Unit 4 - Coursework/UwAmp/www/" local="133741654877291736" remote="133741654870000000" Dst="2" />
<file name="yoast.svg" server="C:/Users/aevans1/Unit 4 - Coursework/UwAmp/www/" local="133741654877458194" remote="133741654870000000" Dst="2" />
<file name="youtube.svg" server="C:/Users/aevans1/Unit 4 - Coursework/UwAmp/www/" local="133741654877791445" remote="133741654870000000" Dst="2" />
<file name="zhihu.svg" server="C:/Users/aevans1/Unit 4 - Coursework/UwAmp/www/" local="133741654878124410" remote="133741654870000000" Dst="2" />
</dwsync>