<?xml version="1.0" encoding="utf-8" ?>
<dwsync>
<file name="fontawesome.css" server="C:/Users/aevans1/Unit 4 - Coursework/UwAmp/www/" local="133741654711696783" remote="133741690710000000" Dst="1" />
<file name="all.css" server="C:/Users/aevans1/Unit 4 - Coursework/UwAmp/www/" local="133741654709847757" remote="133741690700000000" Dst="1" />
<file name="all.min.css" server="C:/Users/aevans1/Unit 4 - Coursework/UwAmp/www/" local="133741654710461668" remote="133741654710000000" Dst="2" />
<file name="brands.css" server="C:/Users/aevans1/Unit 4 - Coursework/UwAmp/www/" local="133741654710793832" remote="133741654710000000" Dst="2" />
<file name="brands.min.css" server="C:/Users/aevans1/Unit 4 - Coursework/UwAmp/www/" local="133741654711293342" remote="133741654710000000" Dst="2" />
<file name="fontawesome.min.css" server="C:/Users/aevans1/Unit 4 - Coursework/UwAmp/www/" local="133741654712124939" remote="133741654710000000" Dst="2" />
<file name="regular.css" server="C:/Users/aevans1/Unit 4 - Coursework/UwAmp/www/" local="133741654712457885" remote="133741654710000000" Dst="2" />
<file name="regular.min.css" server="C:/Users/aevans1/Unit 4 - Coursework/UwAmp/www/" local="133741654712794995" remote="133741654710000000" Dst="2" />
<file name="solid.css" server="C:/Users/aevans1/Unit 4 - Coursework/UwAmp/www/" local="133741654713128026" remote="133741654710000000" Dst="2" />
<file name="solid.min.css" server="C:/Users/aevans1/Unit 4 - Coursework/UwAmp/www/" local="133741654713450942" remote="133741654710000000" Dst="2" />
<file name="svg-with-js.css" server="C:/Users/aevans1/Unit 4 - Coursework/UwAmp/www/" local="133741654713858708" remote="133741654710000000" Dst="2" />
<file name="svg-with-js.min.css" server="C:/Users/aevans1/Unit 4 - Coursework/UwAmp/www/" local="133741654714171150" remote="133741654710000000" Dst="2" />
<file name="v4-font-face.css" server="C:/Users/aevans1/Unit 4 - Coursework/UwAmp/www/" local="133741654714639849" remote="133741654710000000" Dst="2" />
<file name="v4-font-face.min.css" server="C:/Users/aevans1/Unit 4 - Coursework/UwAmp/www/" local="133741654715017622" remote="133741654710000000" Dst="2" />
<file name="v4-shims.css" server="C:/Users/aevans1/Unit 4 - Coursework/UwAmp/www/" local="133741654715330501" remote="133741654710000000" Dst="2" />
<file name="v4-shims.min.css" server="C:/Users/aevans1/Unit 4 - Coursework/UwAmp/www/" local="133741654715642553" remote="133741654710000000" Dst="2" />
<file name="v5-font-face.css" server="C:/Users/aevans1/Unit 4 - Coursework/UwAmp/www/" local="133741654715864096" remote="133741654710000000" Dst="2" />
<file name="v5-font-face.min.css" server="C:/Users/aevans1/Unit 4 - Coursework/UwAmp/www/" local="133741654716176567" remote="133741654710000000" Dst="2" />
</dwsync>