<?xml version="1.0" encoding="utf-8" ?>
<dwsync>
<file name="categories.yml" server="C:/Users/aevans1/Unit 4 - Coursework/UwAmp/www/" local="133741654728961308" remote="133741654720000000" Dst="2" />
<file name="icon-families.json" server="C:/Users/aevans1/Unit 4 - Coursework/UwAmp/www/" local="133741654729627434" remote="133741654720000000" Dst="2" />
<file name="icon-families.yml" server="C:/Users/aevans1/Unit 4 - Coursework/UwAmp/www/" local="133741654730115770" remote="133741654730000000" Dst="2" />
<file name="icons.json" server="C:/Users/aevans1/Unit 4 - Coursework/UwAmp/www/" local="133741654730745859" remote="133741654730000000" Dst="2" />
<file name="icons.yml" server="C:/Users/aevans1/Unit 4 - Coursework/UwAmp/www/" local="133741654730957519" remote="133741654730000000" Dst="2" />
<file name="shims.json" server="C:/Users/aevans1/Unit 4 - Coursework/UwAmp/www/" local="133741654731446863" remote="133741654730000000" Dst="2" />
<file name="shims.yml" server="C:/Users/aevans1/Unit 4 - Coursework/UwAmp/www/" local="133741654731628658" remote="133741654730000000" Dst="2" />
<file name="sponsors.yml" server="C:/Users/aevans1/Unit 4 - Coursework/UwAmp/www/" local="133741654731960941" remote="133741654730000000" Dst="2" />
</dwsync>