<?xml version="1.0" encoding="utf-8" ?>
<dwsync>
<file name="brands.scss" server="C:/Users/aevans1/Unit 4 - Coursework/UwAmp/www/" local="133741654736026813" remote="133741654730000000" Dst="2" />
<file name="fontawesome.scss" server="C:/Users/aevans1/Unit 4 - Coursework/UwAmp/www/" local="133741654736295110" remote="133741654730000000" Dst="2" />
<file name="regular.scss" server="C:/Users/aevans1/Unit 4 - Coursework/UwAmp/www/" local="133741654736607717" remote="133741654730000000" Dst="2" />
<file name="solid.scss" server="C:/Users/aevans1/Unit 4 - Coursework/UwAmp/www/" local="133741654736747857" remote="133741654730000000" Dst="2" />
<file name="v4-shims.scss" server="C:/Users/aevans1/Unit 4 - Coursework/UwAmp/www/" local="133741654737128121" remote="133741654730000000" Dst="2" />
<file name="_animated.scss" server="C:/Users/aevans1/Unit 4 - Coursework/UwAmp/www/" local="133741654732127884" remote="133741654730000000" Dst="2" />
<file name="_bordered-pulled.scss" server="C:/Users/aevans1/Unit 4 - Coursework/UwAmp/www/" local="133741654732461324" remote="133741654730000000" Dst="2" />
<file name="_core.scss" server="C:/Users/aevans1/Unit 4 - Coursework/UwAmp/www/" local="133741654732793406" remote="133741654730000000" Dst="2" />
<file name="_fixed-width.scss" server="C:/Users/aevans1/Unit 4 - Coursework/UwAmp/www/" local="133741654732959893" remote="133741654730000000" Dst="2" />
<file name="_functions.scss" server="C:/Users/aevans1/Unit 4 - Coursework/UwAmp/www/" local="133741654733293657" remote="133741654730000000" Dst="2" />
<file name="_icons.scss" server="C:/Users/aevans1/Unit 4 - Coursework/UwAmp/www/" local="133741654733616520" remote="133741654730000000" Dst="2" />
<file name="_list.scss" server="C:/Users/aevans1/Unit 4 - Coursework/UwAmp/www/" local="133741654733792273" remote="133741654730000000" Dst="2" />
<file name="_mixins.scss" server="C:/Users/aevans1/Unit 4 - Coursework/UwAmp/www/" local="133741654734125283" remote="133741654730000000" Dst="2" />
<file name="_rotated-flipped.scss" server="C:/Users/aevans1/Unit 4 - Coursework/UwAmp/www/" local="133741654734291798" remote="133741654730000000" Dst="2" />
<file name="_screen-reader.scss" server="C:/Users/aevans1/Unit 4 - Coursework/UwAmp/www/" local="133741654734625196" remote="133741654730000000" Dst="2" />
<file name="_shims.scss" server="C:/Users/aevans1/Unit 4 - Coursework/UwAmp/www/" local="133741654734790602" remote="133741654730000000" Dst="2" />
<file name="_sizing.scss" server="C:/Users/aevans1/Unit 4 - Coursework/UwAmp/www/" local="133741654735128601" remote="133741654730000000" Dst="2" />
<file name="_stacked.scss" server="C:/Users/aevans1/Unit 4 - Coursework/UwAmp/www/" local="133741654735461569" remote="133741654730000000" Dst="2" />
<file name="_variables.scss" server="C:/Users/aevans1/Unit 4 - Coursework/UwAmp/www/" local="133741654735748563" remote="133741654730000000" Dst="2" />
</dwsync>