<?xml version="1.0" encoding="utf-8" ?>
<dwsync>
<file name="all.js" server="C:/Users/aevans1/Unit 4 - Coursework/UwAmp/www/" local="133741654716710382" remote="133741654710000000" Dst="2" />
<file name="all.min.js" server="C:/Users/aevans1/Unit 4 - Coursework/UwAmp/www/" local="133741654717491728" remote="133741654710000000" Dst="2" />
<file name="brands.js" server="C:/Users/aevans1/Unit 4 - Coursework/UwAmp/www/" local="133741654718026142" remote="133741654710000000" Dst="2" />
<file name="brands.min.js" server="C:/Users/aevans1/Unit 4 - Coursework/UwAmp/www/" local="133741654718460885" remote="133741654710000000" Dst="2" />
<file name="conflict-detection.js" server="C:/Users/aevans1/Unit 4 - Coursework/UwAmp/www/" local="133741654718959549" remote="133741654710000000" Dst="2" />
<file name="conflict-detection.min.js" server="C:/Users/aevans1/Unit 4 - Coursework/UwAmp/www/" local="133741654719459021" remote="133741654710000000" Dst="2" />
<file name="fontawesome.js" server="C:/Users/aevans1/Unit 4 - Coursework/UwAmp/www/" local="133741654719791145" remote="133741654710000000" Dst="2" />
<file name="fontawesome.min.js" server="C:/Users/aevans1/Unit 4 - Coursework/UwAmp/www/" local="133741654720290674" remote="133741654720000000" Dst="2" />
<file name="regular.js" server="C:/Users/aevans1/Unit 4 - Coursework/UwAmp/www/" local="133741654720628852" remote="133741654720000000" Dst="2" />
<file name="regular.min.js" server="C:/Users/aevans1/Unit 4 - Coursework/UwAmp/www/" local="133741654720960755" remote="133741654720000000" Dst="2" />
<file name="solid.js" server="C:/Users/aevans1/Unit 4 - Coursework/UwAmp/www/" local="133741654721467671" remote="133741654720000000" Dst="2" />
<file name="solid.min.js" server="C:/Users/aevans1/Unit 4 - Coursework/UwAmp/www/" local="133741654722124656" remote="133741654720000000" Dst="2" />
<file name="v4-shims.js" server="C:/Users/aevans1/Unit 4 - Coursework/UwAmp/www/" local="133741654722457582" remote="133741654720000000" Dst="2" />
<file name="v4-shims.min.js" server="C:/Users/aevans1/Unit 4 - Coursework/UwAmp/www/" local="133741654722961242" remote="133741654720000000" Dst="2" />
</dwsync>