<?xml version="1.0" encoding="utf-8" ?>
<dwsync>
<file name="address-book.svg" server="C:/Users/aevans1/Unit 4 - Coursework/UwAmp/www/" local="133741654878457782" remote="133741654870000000" Dst="2" />
<file name="address-card.svg" server="C:/Users/aevans1/Unit 4 - Coursework/UwAmp/www/" local="133741654878624264" remote="133741654870000000" Dst="2" />
<file name="bell-slash.svg" server="C:/Users/aevans1/Unit 4 - Coursework/UwAmp/www/" local="133741654878958033" remote="133741654870000000" Dst="2" />
<file name="bell.svg" server="C:/Users/aevans1/Unit 4 - Coursework/UwAmp/www/" local="133741654879291428" remote="133741654870000000" Dst="2" />
<file name="bookmark.svg" server="C:/Users/aevans1/Unit 4 - Coursework/UwAmp/www/" local="133741654879624860" remote="133741654870000000" Dst="2" />
<file name="building.svg" server="C:/Users/aevans1/Unit 4 - Coursework/UwAmp/www/" local="133741654879791672" remote="133741654870000000" Dst="2" />
<file name="calendar-check.svg" server="C:/Users/aevans1/Unit 4 - Coursework/UwAmp/www/" local="133741654880124721" remote="133741654880000000" Dst="2" />
<file name="calendar-days.svg" server="C:/Users/aevans1/Unit 4 - Coursework/UwAmp/www/" local="133741654880457709" remote="133741654880000000" Dst="2" />
<file name="calendar-minus.svg" server="C:/Users/aevans1/Unit 4 - Coursework/UwAmp/www/" local="133741654880624215" remote="133741654880000000" Dst="2" />
<file name="calendar-plus.svg" server="C:/Users/aevans1/Unit 4 - Coursework/UwAmp/www/" local="133741654880957494" remote="133741654880000000" Dst="2" />
<file name="calendar-xmark.svg" server="C:/Users/aevans1/Unit 4 - Coursework/UwAmp/www/" local="133741654881290515" remote="133741654880000000" Dst="2" />
<file name="calendar.svg" server="C:/Users/aevans1/Unit 4 - Coursework/UwAmp/www/" local="133741654881461986" remote="133741654880000000" Dst="2" />
<file name="chart-bar.svg" server="C:/Users/aevans1/Unit 4 - Coursework/UwAmp/www/" local="133741654881813356" remote="133741654880000000" Dst="2" />
<file name="chess-bishop.svg" server="C:/Users/aevans1/Unit 4 - Coursework/UwAmp/www/" local="133741654882125338" remote="133741654880000000" Dst="2" />
<file name="chess-king.svg" server="C:/Users/aevans1/Unit 4 - Coursework/UwAmp/www/" local="133741654882291824" remote="133741654880000000" Dst="2" />
<file name="chess-knight.svg" server="C:/Users/aevans1/Unit 4 - Coursework/UwAmp/www/" local="133741654882624838" remote="133741654880000000" Dst="2" />
<file name="chess-pawn.svg" server="C:/Users/aevans1/Unit 4 - Coursework/UwAmp/www/" local="133741654882958761" remote="133741654880000000" Dst="2" />
<file name="chess-queen.svg" server="C:/Users/aevans1/Unit 4 - Coursework/UwAmp/www/" local="133741654883291773" remote="133741654880000000" Dst="2" />
<file name="chess-rook.svg" server="C:/Users/aevans1/Unit 4 - Coursework/UwAmp/www/" local="133741654883458285" remote="133741654880000000" Dst="2" />
<file name="circle-check.svg" server="C:/Users/aevans1/Unit 4 - Coursework/UwAmp/www/" local="133741654883958472" remote="133741654880000000" Dst="2" />
<file name="circle-dot.svg" server="C:/Users/aevans1/Unit 4 - Coursework/UwAmp/www/" local="133741654884124977" remote="133741654880000000" Dst="2" />
<file name="circle-down.svg" server="C:/Users/aevans1/Unit 4 - Coursework/UwAmp/www/" local="133741654884458058" remote="133741654880000000" Dst="2" />
<file name="circle-left.svg" server="C:/Users/aevans1/Unit 4 - Coursework/UwAmp/www/" local="133741654884793000" remote="133741654880000000" Dst="2" />
<file name="circle-pause.svg" server="C:/Users/aevans1/Unit 4 - Coursework/UwAmp/www/" local="133741654885127036" remote="133741654880000000" Dst="2" />
<file name="circle-play.svg" server="C:/Users/aevans1/Unit 4 - Coursework/UwAmp/www/" local="133741654885460026" remote="133741654880000000" Dst="2" />
<file name="circle-question.svg" server="C:/Users/aevans1/Unit 4 - Coursework/UwAmp/www/" local="133741654885626542" remote="133741654880000000" Dst="2" />
<file name="circle-right.svg" server="C:/Users/aevans1/Unit 4 - Coursework/UwAmp/www/" local="133741654885959753" remote="133741654880000000" Dst="2" />
<file name="circle-stop.svg" server="C:/Users/aevans1/Unit 4 - Coursework/UwAmp/www/" local="133741654886292766" remote="133741654880000000" Dst="2" />
<file name="circle-up.svg" server="C:/Users/aevans1/Unit 4 - Coursework/UwAmp/www/" local="133741654886459244" remote="133741654880000000" Dst="2" />
<file name="circle-user.svg" server="C:/Users/aevans1/Unit 4 - Coursework/UwAmp/www/" local="133741654886792492" remote="133741654880000000" Dst="2" />
<file name="circle-xmark.svg" server="C:/Users/aevans1/Unit 4 - Coursework/UwAmp/www/" local="133741654887125473" remote="133741654880000000" Dst="2" />
<file name="circle.svg" server="C:/Users/aevans1/Unit 4 - Coursework/UwAmp/www/" local="133741654887291987" remote="133741654880000000" Dst="2" />
<file name="clipboard.svg" server="C:/Users/aevans1/Unit 4 - Coursework/UwAmp/www/" local="133741654887625046" remote="133741654880000000" Dst="2" />
<file name="clock.svg" server="C:/Users/aevans1/Unit 4 - Coursework/UwAmp/www/" local="133741654887791865" remote="133741654880000000" Dst="2" />
<file name="clone.svg" server="C:/Users/aevans1/Unit 4 - Coursework/UwAmp/www/" local="133741654888124846" remote="133741654880000000" Dst="2" />
<file name="closed-captioning.svg" server="C:/Users/aevans1/Unit 4 - Coursework/UwAmp/www/" local="133741654888457854" remote="133741654880000000" Dst="2" />
<file name="comment-dots.svg" server="C:/Users/aevans1/Unit 4 - Coursework/UwAmp/www/" local="133741654888791132" remote="133741654880000000" Dst="2" />
<file name="comment.svg" server="C:/Users/aevans1/Unit 4 - Coursework/UwAmp/www/" local="133741654888957620" remote="133741654880000000" Dst="2" />
<file name="comments.svg" server="C:/Users/aevans1/Unit 4 - Coursework/UwAmp/www/" local="133741654889290608" remote="133741654880000000" Dst="2" />
<file name="compass.svg" server="C:/Users/aevans1/Unit 4 - Coursework/UwAmp/www/" local="133741654889624065" remote="133741654880000000" Dst="2" />
<file name="copy.svg" server="C:/Users/aevans1/Unit 4 - Coursework/UwAmp/www/" local="133741654889957260" remote="133741654880000000" Dst="2" />
<file name="copyright.svg" server="C:/Users/aevans1/Unit 4 - Coursework/UwAmp/www/" local="133741654890123777" remote="133741654890000000" Dst="2" />
<file name="credit-card.svg" server="C:/Users/aevans1/Unit 4 - Coursework/UwAmp/www/" local="133741654890461797" remote="133741654890000000" Dst="2" />
<file name="envelope-open.svg" server="C:/Users/aevans1/Unit 4 - Coursework/UwAmp/www/" local="133741654890784639" remote="133741654890000000" Dst="2" />
<file name="envelope.svg" server="C:/Users/aevans1/Unit 4 - Coursework/UwAmp/www/" local="133741654891124746" remote="133741654890000000" Dst="2" />
<file name="eye-slash.svg" server="C:/Users/aevans1/Unit 4 - Coursework/UwAmp/www/" local="133741654891457787" remote="133741654890000000" Dst="2" />
<file name="eye.svg" server="C:/Users/aevans1/Unit 4 - Coursework/UwAmp/www/" local="133741654891785986" remote="133741654890000000" Dst="2" />
<file name="face-angry.svg" server="C:/Users/aevans1/Unit 4 - Coursework/UwAmp/www/" local="133741654891957712" remote="133741654890000000" Dst="2" />
<file name="face-dizzy.svg" server="C:/Users/aevans1/Unit 4 - Coursework/UwAmp/www/" local="133741654892291612" remote="133741654890000000" Dst="2" />
<file name="face-flushed.svg" server="C:/Users/aevans1/Unit 4 - Coursework/UwAmp/www/" local="133741654892624604" remote="133741654890000000" Dst="2" />
<file name="face-frown-open.svg" server="C:/Users/aevans1/Unit 4 - Coursework/UwAmp/www/" local="133741654892791375" remote="133741654890000000" Dst="2" />
<file name="face-frown.svg" server="C:/Users/aevans1/Unit 4 - Coursework/UwAmp/www/" local="133741654893124362" remote="133741654890000000" Dst="2" />
<file name="face-grimace.svg" server="C:/Users/aevans1/Unit 4 - Coursework/UwAmp/www/" local="133741654893290854" remote="133741654890000000" Dst="2" />
<file name="face-grin-beam-sweat.svg" server="C:/Users/aevans1/Unit 4 - Coursework/UwAmp/www/" local="133741654893623991" remote="133741654890000000" Dst="2" />
<file name="face-grin-beam.svg" server="C:/Users/aevans1/Unit 4 - Coursework/UwAmp/www/" local="133741654893790697" remote="133741654890000000" Dst="2" />
<file name="face-grin-hearts.svg" server="C:/Users/aevans1/Unit 4 - Coursework/UwAmp/www/" local="133741654894128706" remote="133741654890000000" Dst="2" />
<file name="face-grin-squint-tears.svg" server="C:/Users/aevans1/Unit 4 - Coursework/UwAmp/www/" local="133741654894295180" remote="133741654890000000" Dst="2" />
<file name="face-grin-squint.svg" server="C:/Users/aevans1/Unit 4 - Coursework/UwAmp/www/" local="133741654894628405" remote="133741654890000000" Dst="2" />
<file name="face-grin-stars.svg" server="C:/Users/aevans1/Unit 4 - Coursework/UwAmp/www/" local="133741654894809407" remote="133741654890000000" Dst="2" />
<file name="face-grin-tears.svg" server="C:/Users/aevans1/Unit 4 - Coursework/UwAmp/www/" local="133741654895127139" remote="133741654890000000" Dst="2" />
<file name="face-grin-tongue-squint.svg" server="C:/Users/aevans1/Unit 4 - Coursework/UwAmp/www/" local="133741654895460139" remote="133741654890000000" Dst="2" />
<file name="face-grin-tongue-wink.svg" server="C:/Users/aevans1/Unit 4 - Coursework/UwAmp/www/" local="133741654895626617" remote="133741654890000000" Dst="2" />
<file name="face-grin-tongue.svg" server="C:/Users/aevans1/Unit 4 - Coursework/UwAmp/www/" local="133741654895959867" remote="133741654890000000" Dst="2" />
<file name="face-grin-wide.svg" server="C:/Users/aevans1/Unit 4 - Coursework/UwAmp/www/" local="133741654896292967" remote="133741654890000000" Dst="2" />
<file name="face-grin-wink.svg" server="C:/Users/aevans1/Unit 4 - Coursework/UwAmp/www/" local="133741654896459460" remote="133741654890000000" Dst="2" />
<file name="face-grin.svg" server="C:/Users/aevans1/Unit 4 - Coursework/UwAmp/www/" local="133741654896792780" remote="133741654890000000" Dst="2" />
<file name="face-kiss-beam.svg" server="C:/Users/aevans1/Unit 4 - Coursework/UwAmp/www/" local="133741654896959275" remote="133741654890000000" Dst="2" />
<file name="face-kiss-wink-heart.svg" server="C:/Users/aevans1/Unit 4 - Coursework/UwAmp/www/" local="133741654897318507" remote="133741654890000000" Dst="2" />
<file name="face-kiss.svg" server="C:/Users/aevans1/Unit 4 - Coursework/UwAmp/www/" local="133741654897458590" remote="133741654890000000" Dst="2" />
<file name="face-laugh-beam.svg" server="C:/Users/aevans1/Unit 4 - Coursework/UwAmp/www/" local="133741654897791828" remote="133741654890000000" Dst="2" />
<file name="face-laugh-squint.svg" server="C:/Users/aevans1/Unit 4 - Coursework/UwAmp/www/" local="133741654897958305" remote="133741654890000000" Dst="2" />
<file name="face-laugh-wink.svg" server="C:/Users/aevans1/Unit 4 - Coursework/UwAmp/www/" local="133741654898291315" remote="133741654890000000" Dst="2" />
<file name="face-laugh.svg" server="C:/Users/aevans1/Unit 4 - Coursework/UwAmp/www/" local="133741654898457795" remote="133741654890000000" Dst="2" />
<file name="face-meh-blank.svg" server="C:/Users/aevans1/Unit 4 - Coursework/UwAmp/www/" local="133741654898791052" remote="133741654890000000" Dst="2" />
<file name="face-meh.svg" server="C:/Users/aevans1/Unit 4 - Coursework/UwAmp/www/" local="133741654898957534" remote="133741654890000000" Dst="2" />
<file name="face-rolling-eyes.svg" server="C:/Users/aevans1/Unit 4 - Coursework/UwAmp/www/" local="133741654899290554" remote="133741654890000000" Dst="2" />
<file name="face-sad-cry.svg" server="C:/Users/aevans1/Unit 4 - Coursework/UwAmp/www/" local="133741654899457090" remote="133741654890000000" Dst="2" />
<file name="face-sad-tear.svg" server="C:/Users/aevans1/Unit 4 - Coursework/UwAmp/www/" local="133741654899791404" remote="133741654890000000" Dst="2" />
<file name="face-smile-beam.svg" server="C:/Users/aevans1/Unit 4 - Coursework/UwAmp/www/" local="133741654900114296" remote="133741654900000000" Dst="2" />
<file name="face-smile-wink.svg" server="C:/Users/aevans1/Unit 4 - Coursework/UwAmp/www/" local="133741654900290912" remote="133741654900000000" Dst="2" />
<file name="face-smile.svg" server="C:/Users/aevans1/Unit 4 - Coursework/UwAmp/www/" local="133741654900623961" remote="133741654900000000" Dst="2" />
<file name="face-surprise.svg" server="C:/Users/aevans1/Unit 4 - Coursework/UwAmp/www/" local="133741654900957214" remote="133741654900000000" Dst="2" />
<file name="face-tired.svg" server="C:/Users/aevans1/Unit 4 - Coursework/UwAmp/www/" local="133741654901295201" remote="133741654900000000" Dst="2" />
<file name="file-audio.svg" server="C:/Users/aevans1/Unit 4 - Coursework/UwAmp/www/" local="133741654901461719" remote="133741654900000000" Dst="2" />
<file name="file-code.svg" server="C:/Users/aevans1/Unit 4 - Coursework/UwAmp/www/" local="133741654901800052" remote="133741654900000000" Dst="2" />
<file name="file-excel.svg" server="C:/Users/aevans1/Unit 4 - Coursework/UwAmp/www/" local="133741654901961512" remote="133741654900000000" Dst="2" />
<file name="file-image.svg" server="C:/Users/aevans1/Unit 4 - Coursework/UwAmp/www/" local="133741654902294511" remote="133741654900000000" Dst="2" />
<file name="file-lines.svg" server="C:/Users/aevans1/Unit 4 - Coursework/UwAmp/www/" local="133741654902627751" remote="133741654900000000" Dst="2" />
<file name="file-pdf.svg" server="C:/Users/aevans1/Unit 4 - Coursework/UwAmp/www/" local="133741654902957230" remote="133741654900000000" Dst="2" />
<file name="file-powerpoint.svg" server="C:/Users/aevans1/Unit 4 - Coursework/UwAmp/www/" local="133741654903295258" remote="133741654900000000" Dst="2" />
<file name="file-video.svg" server="C:/Users/aevans1/Unit 4 - Coursework/UwAmp/www/" local="133741654903461820" remote="133741654900000000" Dst="2" />
<file name="file-word.svg" server="C:/Users/aevans1/Unit 4 - Coursework/UwAmp/www/" local="133741654903960871" remote="133741654900000000" Dst="2" />
<file name="file-zipper.svg" server="C:/Users/aevans1/Unit 4 - Coursework/UwAmp/www/" local="133741654904127402" remote="133741654900000000" Dst="2" />
<file name="file.svg" server="C:/Users/aevans1/Unit 4 - Coursework/UwAmp/www/" local="133741654904460465" remote="133741654900000000" Dst="2" />
<file name="flag.svg" server="C:/Users/aevans1/Unit 4 - Coursework/UwAmp/www/" local="133741654904627174" remote="133741654900000000" Dst="2" />
<file name="floppy-disk.svg" server="C:/Users/aevans1/Unit 4 - Coursework/UwAmp/www/" local="133741654904961130" remote="133741654900000000" Dst="2" />
<file name="folder-closed.svg" server="C:/Users/aevans1/Unit 4 - Coursework/UwAmp/www/" local="133741654905294105" remote="133741654900000000" Dst="2" />
<file name="folder-open.svg" server="C:/Users/aevans1/Unit 4 - Coursework/UwAmp/www/" local="133741654905627274" remote="133741654900000000" Dst="2" />
<file name="folder.svg" server="C:/Users/aevans1/Unit 4 - Coursework/UwAmp/www/" local="133741654905793084" remote="133741654900000000" Dst="2" />
<file name="font-awesome.svg" server="C:/Users/aevans1/Unit 4 - Coursework/UwAmp/www/" local="133741654906126123" remote="133741654900000000" Dst="2" />
<file name="futbol.svg" server="C:/Users/aevans1/Unit 4 - Coursework/UwAmp/www/" local="133741654906459155" remote="133741654900000000" Dst="2" />
<file name="gem.svg" server="C:/Users/aevans1/Unit 4 - Coursework/UwAmp/www/" local="133741654906625844" remote="133741654900000000" Dst="2" />
<file name="hand-back-fist.svg" server="C:/Users/aevans1/Unit 4 - Coursework/UwAmp/www/" local="133741654906960870" remote="133741654900000000" Dst="2" />
<file name="hand-lizard.svg" server="C:/Users/aevans1/Unit 4 - Coursework/UwAmp/www/" local="133741654907127377" remote="133741654900000000" Dst="2" />
<file name="hand-peace.svg" server="C:/Users/aevans1/Unit 4 - Coursework/UwAmp/www/" local="133741654907460408" remote="133741654900000000" Dst="2" />
<file name="hand-point-down.svg" server="C:/Users/aevans1/Unit 4 - Coursework/UwAmp/www/" local="133741654907793111" remote="133741654900000000" Dst="2" />
<file name="hand-point-left.svg" server="C:/Users/aevans1/Unit 4 - Coursework/UwAmp/www/" local="133741654907959613" remote="133741654900000000" Dst="2" />
<file name="hand-point-right.svg" server="C:/Users/aevans1/Unit 4 - Coursework/UwAmp/www/" local="133741654908292642" remote="133741654900000000" Dst="2" />
<file name="hand-point-up.svg" server="C:/Users/aevans1/Unit 4 - Coursework/UwAmp/www/" local="133741654908625952" remote="133741654900000000" Dst="2" />
<file name="hand-pointer.svg" server="C:/Users/aevans1/Unit 4 - Coursework/UwAmp/www/" local="133741654908802668" remote="133741654900000000" Dst="2" />
<file name="hand-scissors.svg" server="C:/Users/aevans1/Unit 4 - Coursework/UwAmp/www/" local="133741654909124288" remote="133741654900000000" Dst="2" />
<file name="hand-spock.svg" server="C:/Users/aevans1/Unit 4 - Coursework/UwAmp/www/" local="133741654909457355" remote="133741654900000000" Dst="2" />
<file name="hand.svg" server="C:/Users/aevans1/Unit 4 - Coursework/UwAmp/www/" local="133741654909623876" remote="133741654900000000" Dst="2" />
<file name="handshake.svg" server="C:/Users/aevans1/Unit 4 - Coursework/UwAmp/www/" local="133741654909957170" remote="133741654900000000" Dst="2" />
<file name="hard-drive.svg" server="C:/Users/aevans1/Unit 4 - Coursework/UwAmp/www/" local="133741654910128689" remote="133741654910000000" Dst="2" />
<file name="heart.svg" server="C:/Users/aevans1/Unit 4 - Coursework/UwAmp/www/" local="133741654910461742" remote="133741654910000000" Dst="2" />
<file name="hospital.svg" server="C:/Users/aevans1/Unit 4 - Coursework/UwAmp/www/" local="133741654910791174" remote="133741654910000000" Dst="2" />
<file name="hourglass-half.svg" server="C:/Users/aevans1/Unit 4 - Coursework/UwAmp/www/" local="133741654911124166" remote="133741654910000000" Dst="2" />
<file name="hourglass.svg" server="C:/Users/aevans1/Unit 4 - Coursework/UwAmp/www/" local="133741654911457178" remote="133741654910000000" Dst="2" />
<file name="id-badge.svg" server="C:/Users/aevans1/Unit 4 - Coursework/UwAmp/www/" local="133741654911628931" remote="133741654910000000" Dst="2" />
<file name="id-card.svg" server="C:/Users/aevans1/Unit 4 - Coursework/UwAmp/www/" local="133741654912037345" remote="133741654910000000" Dst="2" />
<file name="image.svg" server="C:/Users/aevans1/Unit 4 - Coursework/UwAmp/www/" local="133741654912465543" remote="133741654910000000" Dst="2" />
<file name="images.svg" server="C:/Users/aevans1/Unit 4 - Coursework/UwAmp/www/" local="133741654912796978" remote="133741654910000000" Dst="2" />
<file name="keyboard.svg" server="C:/Users/aevans1/Unit 4 - Coursework/UwAmp/www/" local="133741654912958491" remote="133741654910000000" Dst="2" />
<file name="lemon.svg" server="C:/Users/aevans1/Unit 4 - Coursework/UwAmp/www/" local="133741654913291513" remote="133741654910000000" Dst="2" />
<file name="life-ring.svg" server="C:/Users/aevans1/Unit 4 - Coursework/UwAmp/www/" local="133741654913614415" remote="133741654910000000" Dst="2" />
<file name="lightbulb.svg" server="C:/Users/aevans1/Unit 4 - Coursework/UwAmp/www/" local="133741654913871461" remote="133741654910000000" Dst="2" />
<file name="map.svg" server="C:/Users/aevans1/Unit 4 - Coursework/UwAmp/www/" local="133741654914125794" remote="133741654910000000" Dst="2" />
<file name="message.svg" server="C:/Users/aevans1/Unit 4 - Coursework/UwAmp/www/" local="133741654914291874" remote="133741654910000000" Dst="2" />
<file name="money-bill-1.svg" server="C:/Users/aevans1/Unit 4 - Coursework/UwAmp/www/" local="133741654914614736" remote="133741654910000000" Dst="2" />
<file name="moon.svg" server="C:/Users/aevans1/Unit 4 - Coursework/UwAmp/www/" local="133741654914791391" remote="133741654910000000" Dst="2" />
<file name="newspaper.svg" server="C:/Users/aevans1/Unit 4 - Coursework/UwAmp/www/" local="133741654915124366" remote="133741654910000000" Dst="2" />
<file name="note-sticky.svg" server="C:/Users/aevans1/Unit 4 - Coursework/UwAmp/www/" local="133741654915457387" remote="133741654910000000" Dst="2" />
<file name="object-group.svg" server="C:/Users/aevans1/Unit 4 - Coursework/UwAmp/www/" local="133741654915623865" remote="133741654910000000" Dst="2" />
<file name="object-ungroup.svg" server="C:/Users/aevans1/Unit 4 - Coursework/UwAmp/www/" local="133741654915962058" remote="133741654910000000" Dst="2" />
<file name="paper-plane.svg" server="C:/Users/aevans1/Unit 4 - Coursework/UwAmp/www/" local="133741654916295060" remote="133741654910000000" Dst="2" />
<file name="paste.svg" server="C:/Users/aevans1/Unit 4 - Coursework/UwAmp/www/" local="133741654916461552" remote="133741654910000000" Dst="2" />
<file name="pen-to-square.svg" server="C:/Users/aevans1/Unit 4 - Coursework/UwAmp/www/" local="133741654916792522" remote="133741654910000000" Dst="2" />
<file name="rectangle-list.svg" server="C:/Users/aevans1/Unit 4 - Coursework/UwAmp/www/" local="133741654916958996" remote="133741654910000000" Dst="2" />
<file name="rectangle-xmark.svg" server="C:/Users/aevans1/Unit 4 - Coursework/UwAmp/www/" local="133741654917292005" remote="133741654910000000" Dst="2" />
<file name="registered.svg" server="C:/Users/aevans1/Unit 4 - Coursework/UwAmp/www/" local="133741654917624956" remote="133741654910000000" Dst="2" />
<file name="share-from-square.svg" server="C:/Users/aevans1/Unit 4 - Coursework/UwAmp/www/" local="133741654917791764" remote="133741654910000000" Dst="2" />
<file name="snowflake.svg" server="C:/Users/aevans1/Unit 4 - Coursework/UwAmp/www/" local="133741654918124792" remote="133741654910000000" Dst="2" />
<file name="square-caret-down.svg" server="C:/Users/aevans1/Unit 4 - Coursework/UwAmp/www/" local="133741654918291270" remote="133741654910000000" Dst="2" />
<file name="square-caret-left.svg" server="C:/Users/aevans1/Unit 4 - Coursework/UwAmp/www/" local="133741654918614120" remote="133741654910000000" Dst="2" />
<file name="square-caret-right.svg" server="C:/Users/aevans1/Unit 4 - Coursework/UwAmp/www/" local="133741654918790978" remote="133741654910000000" Dst="2" />
<file name="square-caret-up.svg" server="C:/Users/aevans1/Unit 4 - Coursework/UwAmp/www/" local="133741654919123967" remote="133741654910000000" Dst="2" />
<file name="square-check.svg" server="C:/Users/aevans1/Unit 4 - Coursework/UwAmp/www/" local="133741654919290488" remote="133741654910000000" Dst="2" />
<file name="square-full.svg" server="C:/Users/aevans1/Unit 4 - Coursework/UwAmp/www/" local="133741654919628742" remote="133741654910000000" Dst="2" />
<file name="square-minus.svg" server="C:/Users/aevans1/Unit 4 - Coursework/UwAmp/www/" local="133741654919792459" remote="133741654910000000" Dst="2" />
<file name="square-plus.svg" server="C:/Users/aevans1/Unit 4 - Coursework/UwAmp/www/" local="133741654920125500" remote="133741654920000000" Dst="2" />
<file name="square.svg" server="C:/Users/aevans1/Unit 4 - Coursework/UwAmp/www/" local="133741654920458492" remote="133741654920000000" Dst="2" />
<file name="star-half-stroke.svg" server="C:/Users/aevans1/Unit 4 - Coursework/UwAmp/www/" local="133741654920624978" remote="133741654920000000" Dst="2" />
<file name="star-half.svg" server="C:/Users/aevans1/Unit 4 - Coursework/UwAmp/www/" local="133741654920958307" remote="133741654920000000" Dst="2" />
<file name="star.svg" server="C:/Users/aevans1/Unit 4 - Coursework/UwAmp/www/" local="133741654921291328" remote="133741654920000000" Dst="2" />
<file name="sun.svg" server="C:/Users/aevans1/Unit 4 - Coursework/UwAmp/www/" local="133741654921457827" remote="133741654920000000" Dst="2" />
<file name="thumbs-down.svg" server="C:/Users/aevans1/Unit 4 - Coursework/UwAmp/www/" local="133741654921791207" remote="133741654920000000" Dst="2" />
<file name="thumbs-up.svg" server="C:/Users/aevans1/Unit 4 - Coursework/UwAmp/www/" local="133741654922124184" remote="133741654920000000" Dst="2" />
<file name="trash-can.svg" server="C:/Users/aevans1/Unit 4 - Coursework/UwAmp/www/" local="133741654922290682" remote="133741654920000000" Dst="2" />
<file name="user.svg" server="C:/Users/aevans1/Unit 4 - Coursework/UwAmp/www/" local="133741654922623723" remote="133741654920000000" Dst="2" />
<file name="window-maximize.svg" server="C:/Users/aevans1/Unit 4 - Coursework/UwAmp/www/" local="133741654922957407" remote="133741654920000000" Dst="2" />
<file name="window-minimize.svg" server="C:/Users/aevans1/Unit 4 - Coursework/UwAmp/www/" local="133741654923123969" remote="133741654920000000" Dst="2" />
<file name="window-restore.svg" server="C:/Users/aevans1/Unit 4 - Coursework/UwAmp/www/" local="133741654923461967" remote="133741654920000000" Dst="2" />
</dwsync>